{
  "arrow-right": {
    "changes": [
      "1",
      "5.0.0"
    ],
    "ligatures": [],
    "search": {
      "terms": [
        "forward",
        "next"
      ]
    },
    "styles": [
      "light"
    ],
    "unicode": "f061",
    "label": "arrow-right",
    "voted": false,
    "svg": {
      "light": {
        "last_modified": 1628277664000,
        "raw": "<svg xmlns=\"http://www.w3.org/2000/svg\" viewBox=\"0 0 448 512\"><path d=\"M216.464 36.465l-7.071 7.07c-4.686 4.686-4.686 12.284 0 16.971L387.887 239H12c-6.627 0-12 5.373-12 12v10c0 6.627 5.373 12 12 12h375.887L209.393 451.494c-4.686 4.686-4.686 12.284 0 16.971l7.071 7.07c4.686 4.686 12.284 4.686 16.97 0l211.051-211.05c4.686-4.686 4.686-12.284 0-16.971L233.434 36.465c-4.686-4.687-12.284-4.687-16.97 0z\"/></svg>",
        "viewBox": [
          "0",
          "0",
          "448",
          "512"
        ],
        "width": 448,
        "height": 512,
        "path": "M216.464 36.465l-7.071 7.07c-4.686 4.686-4.686 12.284 0 16.971L387.887 239H12c-6.627 0-12 5.373-12 12v10c0 6.627 5.373 12 12 12h375.887L209.393 451.494c-4.686 4.686-4.686 12.284 0 16.971l7.071 7.07c4.686 4.686 12.284 4.686 16.97 0l211.051-211.05c4.686-4.686 4.686-12.284 0-16.971L233.434 36.465c-4.686-4.687-12.284-4.687-16.97 0z"
      }
    },
    "free": [
      "solid"
    ]
  },
  "bars": {
    "changes": [
      "2",
      "5.0.0"
    ],
    "ligatures": [],
    "search": {
      "terms": [
        "checklist",
        "drag",
        "hamburger",
        "list",
        "menu",
        "nav",
        "navigation",
        "ol",
        "reorder",
        "settings",
        "todo",
        "ul"
      ]
    },
    "styles": [
      "light"
    ],
    "unicode": "f0c9",
    "label": "Bars",
    "voted": false,
    "svg": {
      "light": {
        "last_modified": 1628277664000,
        "raw": "<svg xmlns=\"http://www.w3.org/2000/svg\" viewBox=\"0 0 448 512\"><path d=\"M442 114H6a6 6 0 0 1-6-6V84a6 6 0 0 1 6-6h436a6 6 0 0 1 6 6v24a6 6 0 0 1-6 6zm0 160H6a6 6 0 0 1-6-6v-24a6 6 0 0 1 6-6h436a6 6 0 0 1 6 6v24a6 6 0 0 1-6 6zm0 160H6a6 6 0 0 1-6-6v-24a6 6 0 0 1 6-6h436a6 6 0 0 1 6 6v24a6 6 0 0 1-6 6z\"/></svg>",
        "viewBox": [
          "0",
          "0",
          "448",
          "512"
        ],
        "width": 448,
        "height": 512,
        "path": "M442 114H6a6 6 0 0 1-6-6V84a6 6 0 0 1 6-6h436a6 6 0 0 1 6 6v24a6 6 0 0 1-6 6zm0 160H6a6 6 0 0 1-6-6v-24a6 6 0 0 1 6-6h436a6 6 0 0 1 6 6v24a6 6 0 0 1-6 6zm0 160H6a6 6 0 0 1-6-6v-24a6 6 0 0 1 6-6h436a6 6 0 0 1 6 6v24a6 6 0 0 1-6 6z"
      }
    },
    "free": [
      "solid"
    ]
  },
  "bed": {
    "changes": [
      "4.3",
      "5.0.0",
      "5.1.0"
    ],
    "ligatures": [],
    "search": {
      "terms": [
        "lodging",
        "mattress",
        "rest",
        "sleep",
        "travel"
      ]
    },
    "styles": [
      "light"
    ],
    "unicode": "f236",
    "label": "Bed",
    "voted": false,
    "svg": {
      "light": {
        "last_modified": 1628277664000,
        "raw": "<svg xmlns=\"http://www.w3.org/2000/svg\" viewBox=\"0 0 640 512\"><path d=\"M144 320c44.11 0 80-35.89 80-80s-35.89-80-80-80-80 35.89-80 80 35.89 80 80 80zm0-128c26.47 0 48 21.53 48 48s-21.53 48-48 48-48-21.53-48-48 21.53-48 48-48zm384-32H272c-8.84 0-16 7.16-16 16v176H32V72c0-4.42-3.58-8-8-8H8c-4.42 0-8 3.58-8 8v368c0 4.42 3.58 8 8 8h16c4.42 0 8-3.58 8-8v-56h576v56c0 4.42 3.58 8 8 8h16c4.42 0 8-3.58 8-8V272c0-61.86-50.14-112-112-112zm80 192H288V192h240c44.11 0 80 35.89 80 80v80z\"/></svg>",
        "viewBox": [
          "0",
          "0",
          "640",
          "512"
        ],
        "width": 640,
        "height": 512,
        "path": "M144 320c44.11 0 80-35.89 80-80s-35.89-80-80-80-80 35.89-80 80 35.89 80 80 80zm0-128c26.47 0 48 21.53 48 48s-21.53 48-48 48-48-21.53-48-48 21.53-48 48-48zm384-32H272c-8.84 0-16 7.16-16 16v176H32V72c0-4.42-3.58-8-8-8H8c-4.42 0-8 3.58-8 8v368c0 4.42 3.58 8 8 8h16c4.42 0 8-3.58 8-8v-56h576v56c0 4.42 3.58 8 8 8h16c4.42 0 8-3.58 8-8V272c0-61.86-50.14-112-112-112zm80 192H288V192h240c44.11 0 80 35.89 80 80v80z"
      }
    },
    "free": [
      "solid"
    ]
  },
  "bolt": {
    "changes": [
      "2",
      "5.0.0",
      "5.5.0"
    ],
    "ligatures": [],
    "search": {
      "terms": [
        "electricity",
        "lightning",
        "weather",
        "zap"
      ]
    },
    "styles": [
      "light"
    ],
    "unicode": "f0e7",
    "label": "Lightning Bolt",
    "voted": false,
    "svg": {
      "light": {
        "last_modified": 1628277664000,
        "raw": "<svg xmlns=\"http://www.w3.org/2000/svg\" viewBox=\"0 0 320 512\"><path d=\"M296 160H180.6l42.6-129.8C227.2 15 215.7 0 200 0H56C44 0 33.8 8.9 32.2 20.8l-32 240C-1.7 275.2 9.5 288 24 288h118.7L96.6 482.5c-3.6 15.2 8 29.5 23.3 29.5 8.3 0 16.4-4.4 20.8-12l176-304c9.3-15.9-2.2-36-20.7-36zM140.3 436.9l33.5-141.6 9.3-39.4h-150L63 32h125.9l-38.7 118-13.8 42h145.7L140.3 436.9z\"/></svg>",
        "viewBox": [
          "0",
          "0",
          "320",
          "512"
        ],
        "width": 320,
        "height": 512,
        "path": "M296 160H180.6l42.6-129.8C227.2 15 215.7 0 200 0H56C44 0 33.8 8.9 32.2 20.8l-32 240C-1.7 275.2 9.5 288 24 288h118.7L96.6 482.5c-3.6 15.2 8 29.5 23.3 29.5 8.3 0 16.4-4.4 20.8-12l176-304c9.3-15.9-2.2-36-20.7-36zM140.3 436.9l33.5-141.6 9.3-39.4h-150L63 32h125.9l-38.7 118-13.8 42h145.7L140.3 436.9z"
      }
    },
    "free": [
      "solid"
    ]
  },
  "book": {
    "changes": [
      "1",
      "5.0.0"
    ],
    "ligatures": [],
    "search": {
      "terms": [
        "diary",
        "documentation",
        "journal",
        "library",
        "read"
      ]
    },
    "styles": [
      "light"
    ],
    "unicode": "f02d",
    "label": "book",
    "voted": false,
    "svg": {
      "light": {
        "last_modified": 1628277664000,
        "raw": "<svg xmlns=\"http://www.w3.org/2000/svg\" viewBox=\"0 0 448 512\"><path d=\"M356 160H188c-6.6 0-12-5.4-12-12v-8c0-6.6 5.4-12 12-12h168c6.6 0 12 5.4 12 12v8c0 6.6-5.4 12-12 12zm12 52v-8c0-6.6-5.4-12-12-12H188c-6.6 0-12 5.4-12 12v8c0 6.6 5.4 12 12 12h168c6.6 0 12-5.4 12-12zm64.7 268h3.3c6.6 0 12 5.4 12 12v8c0 6.6-5.4 12-12 12H80c-44.2 0-80-35.8-80-80V80C0 35.8 35.8 0 80 0h344c13.3 0 24 10.7 24 24v368c0 10-6.2 18.6-14.9 22.2-3.6 16.1-4.4 45.6-.4 65.8zM128 384h288V32H128v352zm-96 16c13.4-10 30-16 48-16h16V32H80c-26.5 0-48 21.5-48 48v320zm372.3 80c-3.1-20.4-2.9-45.2 0-64H80c-64 0-64 64 0 64h324.3z\"/></svg>",
        "viewBox": [
          "0",
          "0",
          "448",
          "512"
        ],
        "width": 448,
        "height": 512,
        "path": "M356 160H188c-6.6 0-12-5.4-12-12v-8c0-6.6 5.4-12 12-12h168c6.6 0 12 5.4 12 12v8c0 6.6-5.4 12-12 12zm12 52v-8c0-6.6-5.4-12-12-12H188c-6.6 0-12 5.4-12 12v8c0 6.6 5.4 12 12 12h168c6.6 0 12-5.4 12-12zm64.7 268h3.3c6.6 0 12 5.4 12 12v8c0 6.6-5.4 12-12 12H80c-44.2 0-80-35.8-80-80V80C0 35.8 35.8 0 80 0h344c13.3 0 24 10.7 24 24v368c0 10-6.2 18.6-14.9 22.2-3.6 16.1-4.4 45.6-.4 65.8zM128 384h288V32H128v352zm-96 16c13.4-10 30-16 48-16h16V32H80c-26.5 0-48 21.5-48 48v320zm372.3 80c-3.1-20.4-2.9-45.2 0-64H80c-64 0-64 64 0 64h324.3z"
      }
    },
    "free": [
      "solid"
    ]
  },
  "calendar": {
    "changes": [
      "3.1",
      "5.0.0",
      "5.10.2"
    ],
    "ligatures": [],
    "search": {
      "terms": [
        "calendar-o",
        "date",
        "event",
        "schedule",
        "time",
        "when"
      ]
    },
    "styles": [
      "light"
    ],
    "unicode": "f133",
    "label": "Calendar",
    "voted": false,
    "svg": {
      "light": {
        "last_modified": 1628277664000,
        "raw": "<svg xmlns=\"http://www.w3.org/2000/svg\" viewBox=\"0 0 448 512\"><path d=\"M400 64h-48V12c0-6.627-5.373-12-12-12h-8c-6.627 0-12 5.373-12 12v52H128V12c0-6.627-5.373-12-12-12h-8c-6.627 0-12 5.373-12 12v52H48C21.49 64 0 85.49 0 112v352c0 26.51 21.49 48 48 48h352c26.51 0 48-21.49 48-48V112c0-26.51-21.49-48-48-48zM48 96h352c8.822 0 16 7.178 16 16v48H32v-48c0-8.822 7.178-16 16-16zm352 384H48c-8.822 0-16-7.178-16-16V192h384v272c0 8.822-7.178 16-16 16z\"/></svg>",
        "viewBox": [
          "0",
          "0",
          "448",
          "512"
        ],
        "width": 448,
        "height": 512,
        "path": "M400 64h-48V12c0-6.627-5.373-12-12-12h-8c-6.627 0-12 5.373-12 12v52H128V12c0-6.627-5.373-12-12-12h-8c-6.627 0-12 5.373-12 12v52H48C21.49 64 0 85.49 0 112v352c0 26.51 21.49 48 48 48h352c26.51 0 48-21.49 48-48V112c0-26.51-21.49-48-48-48zM48 96h352c8.822 0 16 7.178 16 16v48H32v-48c0-8.822 7.178-16 16-16zm352 384H48c-8.822 0-16-7.178-16-16V192h384v272c0 8.822-7.178 16-16 16z"
      }
    },
    "free": [
      "solid",
      "regular"
    ]
  },
  "check": {
    "changes": [
      "1",
      "5.0.0"
    ],
    "ligatures": [],
    "search": {
      "terms": [
        "accept",
        "agree",
        "checkmark",
        "confirm",
        "correct",
        "done",
        "notice",
        "notification",
        "notify",
        "ok",
        "select",
        "success",
        "tick",
        "todo",
        "yes"
      ]
    },
    "styles": [
      "light"
    ],
    "unicode": "f00c",
    "label": "Check",
    "voted": false,
    "svg": {
      "light": {
        "last_modified": 1628277664000,
        "raw": "<svg xmlns=\"http://www.w3.org/2000/svg\" viewBox=\"0 0 448 512\"><path d=\"M413.505 91.951L133.49 371.966l-98.995-98.995c-4.686-4.686-12.284-4.686-16.971 0L6.211 284.284c-4.686 4.686-4.686 12.284 0 16.971l118.794 118.794c4.686 4.686 12.284 4.686 16.971 0l299.813-299.813c4.686-4.686 4.686-12.284 0-16.971l-11.314-11.314c-4.686-4.686-12.284-4.686-16.97 0z\"/></svg>",
        "viewBox": [
          "0",
          "0",
          "448",
          "512"
        ],
        "width": 448,
        "height": 512,
        "path": "M413.505 91.951L133.49 371.966l-98.995-98.995c-4.686-4.686-12.284-4.686-16.971 0L6.211 284.284c-4.686 4.686-4.686 12.284 0 16.971l118.794 118.794c4.686 4.686 12.284 4.686 16.971 0l299.813-299.813c4.686-4.686 4.686-12.284 0-16.971l-11.314-11.314c-4.686-4.686-12.284-4.686-16.97 0z"
      }
    },
    "free": [
      "solid"
    ]
  },
  "check-circle": {
    "changes": [
      "1",
      "5.0.0"
    ],
    "ligatures": [],
    "search": {
      "terms": [
        "accept",
        "agree",
        "confirm",
        "correct",
        "done",
        "ok",
        "select",
        "success",
        "tick",
        "todo",
        "yes"
      ]
    },
    "styles": [
      "light"
    ],
    "unicode": "f058",
    "label": "Check Circle",
    "voted": false,
    "svg": {
      "light": {
        "last_modified": 1628277664000,
        "raw": "<svg xmlns=\"http://www.w3.org/2000/svg\" viewBox=\"0 0 512 512\"><path d=\"M256 8C119.033 8 8 119.033 8 256s111.033 248 248 248 248-111.033 248-248S392.967 8 256 8zm0 464c-118.664 0-216-96.055-216-216 0-118.663 96.055-216 216-216 118.664 0 216 96.055 216 216 0 118.663-96.055 216-216 216zm141.63-274.961L217.15 376.071c-4.705 4.667-12.303 4.637-16.97-.068l-85.878-86.572c-4.667-4.705-4.637-12.303.068-16.97l8.52-8.451c4.705-4.667 12.303-4.637 16.97.068l68.976 69.533 163.441-162.13c4.705-4.667 12.303-4.637 16.97.068l8.451 8.52c4.668 4.705 4.637 12.303-.068 16.97z\"/></svg>",
        "viewBox": [
          "0",
          "0",
          "512",
          "512"
        ],
        "width": 512,
        "height": 512,
        "path": "M256 8C119.033 8 8 119.033 8 256s111.033 248 248 248 248-111.033 248-248S392.967 8 256 8zm0 464c-118.664 0-216-96.055-216-216 0-118.663 96.055-216 216-216 118.664 0 216 96.055 216 216 0 118.663-96.055 216-216 216zm141.63-274.961L217.15 376.071c-4.705 4.667-12.303 4.637-16.97-.068l-85.878-86.572c-4.667-4.705-4.637-12.303.068-16.97l8.52-8.451c4.705-4.667 12.303-4.637 16.97.068l68.976 69.533 163.441-162.13c4.705-4.667 12.303-4.637 16.97.068l8.451 8.52c4.668 4.705 4.637 12.303-.068 16.97z"
      }
    },
    "free": [
      "solid",
      "regular"
    ]
  },
  "chevron-down": {
    "changes": [
      "1",
      "5.0.0"
    ],
    "ligatures": [],
    "search": {
      "terms": [
        "arrow",
        "download",
        "expand"
      ]
    },
    "styles": [
      "light"
    ],
    "unicode": "f078",
    "label": "chevron-down",
    "voted": false,
    "svg": {
      "light": {
        "last_modified": 1628277664000,
        "raw": "<svg xmlns=\"http://www.w3.org/2000/svg\" viewBox=\"0 0 448 512\"><path d=\"M443.5 162.6l-7.1-7.1c-4.7-4.7-12.3-4.7-17 0L224 351 28.5 155.5c-4.7-4.7-12.3-4.7-17 0l-7.1 7.1c-4.7 4.7-4.7 12.3 0 17l211 211.1c4.7 4.7 12.3 4.7 17 0l211-211.1c4.8-4.7 4.8-12.3.1-17z\"/></svg>",
        "viewBox": [
          "0",
          "0",
          "448",
          "512"
        ],
        "width": 448,
        "height": 512,
        "path": "M443.5 162.6l-7.1-7.1c-4.7-4.7-12.3-4.7-17 0L224 351 28.5 155.5c-4.7-4.7-12.3-4.7-17 0l-7.1 7.1c-4.7 4.7-4.7 12.3 0 17l211 211.1c4.7 4.7 12.3 4.7 17 0l211-211.1c4.8-4.7 4.8-12.3.1-17z"
      }
    },
    "free": [
      "solid"
    ]
  },
  "chevron-right": {
    "changes": [
      "1",
      "5.0.0"
    ],
    "ligatures": [],
    "search": {
      "terms": [
        "arrow",
        "bracket",
        "forward",
        "next"
      ]
    },
    "styles": [
      "light"
    ],
    "unicode": "f054",
    "label": "chevron-right",
    "voted": false,
    "svg": {
      "light": {
        "last_modified": 1628277664000,
        "raw": "<svg xmlns=\"http://www.w3.org/2000/svg\" viewBox=\"0 0 256 512\"><path d=\"M17.525 36.465l-7.071 7.07c-4.686 4.686-4.686 12.284 0 16.971L205.947 256 10.454 451.494c-4.686 4.686-4.686 12.284 0 16.971l7.071 7.07c4.686 4.686 12.284 4.686 16.97 0l211.051-211.05c4.686-4.686 4.686-12.284 0-16.971L34.495 36.465c-4.686-4.687-12.284-4.687-16.97 0z\"/></svg>",
        "viewBox": [
          "0",
          "0",
          "256",
          "512"
        ],
        "width": 256,
        "height": 512,
        "path": "M17.525 36.465l-7.071 7.07c-4.686 4.686-4.686 12.284 0 16.971L205.947 256 10.454 451.494c-4.686 4.686-4.686 12.284 0 16.971l7.071 7.07c4.686 4.686 12.284 4.686 16.97 0l211.051-211.05c4.686-4.686 4.686-12.284 0-16.971L34.495 36.465c-4.686-4.687-12.284-4.687-16.97 0z"
      }
    },
    "free": [
      "solid"
    ]
  },
  "circle": {
    "changes": [
      "3",
      "5.0.0",
      "5.10.1",
      "5.10.2"
    ],
    "ligatures": [],
    "search": {
      "terms": [
        "circle-thin",
        "diameter",
        "dot",
        "ellipse",
        "notification",
        "round"
      ]
    },
    "styles": [
      "light"
    ],
    "unicode": "f111",
    "label": "Circle",
    "voted": false,
    "svg": {
      "light": {
        "last_modified": 1628277664000,
        "raw": "<svg xmlns=\"http://www.w3.org/2000/svg\" viewBox=\"0 0 512 512\"><path d=\"M256 8C119 8 8 119 8 256s111 248 248 248 248-111 248-248S393 8 256 8zm216 248c0 118.7-96.1 216-216 216-118.7 0-216-96.1-216-216 0-118.7 96.1-216 216-216 118.7 0 216 96.1 216 216z\"/></svg>",
        "viewBox": [
          "0",
          "0",
          "512",
          "512"
        ],
        "width": 512,
        "height": 512,
        "path": "M256 8C119 8 8 119 8 256s111 248 248 248 248-111 248-248S393 8 256 8zm216 248c0 118.7-96.1 216-216 216-118.7 0-216-96.1-216-216 0-118.7 96.1-216 216-216 118.7 0 216 96.1 216 216z"
      }
    },
    "free": [
      "solid",
      "regular"
    ]
  },
  "circle-notch": {
    "changes": [
      "4.1",
      "5.0.0",
      "5.10.2"
    ],
    "ligatures": [],
    "search": {
      "terms": [
        "circle-o-notch",
        "diameter",
        "dot",
        "ellipse",
        "round",
        "spinner"
      ]
    },
    "styles": [
      "light"
    ],
    "unicode": "f1ce",
    "label": "Circle Notched",
    "voted": false,
    "svg": {
      "light": {
        "last_modified": 1628277664000,
        "raw": "<svg xmlns=\"http://www.w3.org/2000/svg\" viewBox=\"0 0 512 512\"><path d=\"M288 24.103v8.169a11.995 11.995 0 0 0 9.698 11.768C396.638 63.425 472 150.461 472 256c0 118.663-96.055 216-216 216-118.663 0-216-96.055-216-216 0-104.534 74.546-192.509 174.297-211.978A11.993 11.993 0 0 0 224 32.253v-8.147c0-7.523-6.845-13.193-14.237-11.798C94.472 34.048 7.364 135.575 8.004 257.332c.72 137.052 111.477 246.956 248.531 246.667C393.255 503.711 504 392.789 504 256c0-121.187-86.924-222.067-201.824-243.704C294.807 10.908 288 16.604 288 24.103z\"/></svg>",
        "viewBox": [
          "0",
          "0",
          "512",
          "512"
        ],
        "width": 512,
        "height": 512,
        "path": "M288 24.103v8.169a11.995 11.995 0 0 0 9.698 11.768C396.638 63.425 472 150.461 472 256c0 118.663-96.055 216-216 216-118.663 0-216-96.055-216-216 0-104.534 74.546-192.509 174.297-211.978A11.993 11.993 0 0 0 224 32.253v-8.147c0-7.523-6.845-13.193-14.237-11.798C94.472 34.048 7.364 135.575 8.004 257.332c.72 137.052 111.477 246.956 248.531 246.667C393.255 503.711 504 392.789 504 256c0-121.187-86.924-222.067-201.824-243.704C294.807 10.908 288 16.604 288 24.103z"
      }
    },
    "free": [
      "solid"
    ]
  },
  "clock": {
    "changes": [
      "1",
      "5.0.0",
      "5.12.1"
    ],
    "ligatures": [],
    "search": {
      "terms": [
        "date",
        "late",
        "schedule",
        "time",
        "timer",
        "timestamp",
        "watch"
      ]
    },
    "styles": [
      "light"
    ],
    "unicode": "f017",
    "label": "Clock",
    "voted": false,
    "svg": {
      "light": {
        "last_modified": 1628277664000,
        "raw": "<svg xmlns=\"http://www.w3.org/2000/svg\" viewBox=\"0 0 512 512\"><path d=\"M256 8C119 8 8 119 8 256s111 248 248 248 248-111 248-248S393 8 256 8zm216 248c0 118.7-96.1 216-216 216-118.7 0-216-96.1-216-216 0-118.7 96.1-216 216-216 118.7 0 216 96.1 216 216zm-148.9 88.3l-81.2-59c-3.1-2.3-4.9-5.9-4.9-9.7V116c0-6.6 5.4-12 12-12h14c6.6 0 12 5.4 12 12v146.3l70.5 51.3c5.4 3.9 6.5 11.4 2.6 16.8l-8.2 11.3c-3.9 5.3-11.4 6.5-16.8 2.6z\"/></svg>",
        "viewBox": [
          "0",
          "0",
          "512",
          "512"
        ],
        "width": 512,
        "height": 512,
        "path": "M256 8C119 8 8 119 8 256s111 248 248 248 248-111 248-248S393 8 256 8zm216 248c0 118.7-96.1 216-216 216-118.7 0-216-96.1-216-216 0-118.7 96.1-216 216-216 118.7 0 216 96.1 216 216zm-148.9 88.3l-81.2-59c-3.1-2.3-4.9-5.9-4.9-9.7V116c0-6.6 5.4-12 12-12h14c6.6 0 12 5.4 12 12v146.3l70.5 51.3c5.4 3.9 6.5 11.4 2.6 16.8l-8.2 11.3c-3.9 5.3-11.4 6.5-16.8 2.6z"
      }
    },
    "free": [
      "solid",
      "regular"
    ]
  },
  "cloud-upload": {
    "changes": [
      "3",
      "5.0.0",
      "5.0.11"
    ],
    "ligatures": [],
    "search": {
      "terms": [
        "import",
        "save",
        "upload"
      ]
    },
    "styles": [
      "light"
    ],
    "unicode": "f0ee",
    "label": "Cloud Upload",
    "voted": false,
    "svg": {
      "light": {
        "last_modified": 1628277664000,
        "raw": "<svg xmlns=\"http://www.w3.org/2000/svg\" viewBox=\"0 0 640 512\"><path d=\"M312.5 168.5c-4.7-4.7-12.3-4.7-17 0l-98.3 98.3c-4.7 4.7-4.7 12.3 0 17l5.7 5.7c4.7 4.7 12.3 4.7 17 0l68.2-68.2V372c0 6.6 5.4 12 12 12h8c6.6 0 12-5.4 12-12V221.3l68.2 68.2c4.7 4.7 12.3 4.7 17 0l5.7-5.7c4.7-4.7 4.7-12.3 0-17l-98.5-98.3zm259.2 70.3c2.8-9.9 4.3-20.2 4.3-30.8 0-61.9-50.1-112-112-112-16.7 0-32.9 3.6-48 10.8-31.6-45-84.3-74.8-144-74.8-94.4 0-171.7 74.5-175.8 168.2C39.2 220.2 0 274.3 0 336c0 79.6 64.4 144 144 144h368c70.7 0 128-57.2 128-128 0-47-25.8-90.8-68.3-113.2zM512 448H144c-61.9 0-112-50.1-112-112 0-56.8 42.2-103.7 97-111-.7-5.6-1-11.3-1-17 0-79.5 64.5-144 144-144 60.3 0 111.9 37 133.4 89.6C420 137.9 440.8 128 464 128c44.2 0 80 35.8 80 80 0 18.5-6.3 35.6-16.9 49.2C573 264.4 608 304.1 608 352c0 53-43 96-96 96z\"/></svg>",
        "viewBox": [
          "0",
          "0",
          "640",
          "512"
        ],
        "width": 640,
        "height": 512,
        "path": "M312.5 168.5c-4.7-4.7-12.3-4.7-17 0l-98.3 98.3c-4.7 4.7-4.7 12.3 0 17l5.7 5.7c4.7 4.7 12.3 4.7 17 0l68.2-68.2V372c0 6.6 5.4 12 12 12h8c6.6 0 12-5.4 12-12V221.3l68.2 68.2c4.7 4.7 12.3 4.7 17 0l5.7-5.7c4.7-4.7 4.7-12.3 0-17l-98.5-98.3zm259.2 70.3c2.8-9.9 4.3-20.2 4.3-30.8 0-61.9-50.1-112-112-112-16.7 0-32.9 3.6-48 10.8-31.6-45-84.3-74.8-144-74.8-94.4 0-171.7 74.5-175.8 168.2C39.2 220.2 0 274.3 0 336c0 79.6 64.4 144 144 144h368c70.7 0 128-57.2 128-128 0-47-25.8-90.8-68.3-113.2zM512 448H144c-61.9 0-112-50.1-112-112 0-56.8 42.2-103.7 97-111-.7-5.6-1-11.3-1-17 0-79.5 64.5-144 144-144 60.3 0 111.9 37 133.4 89.6C420 137.9 440.8 128 464 128c44.2 0 80 35.8 80 80 0 18.5-6.3 35.6-16.9 49.2C573 264.4 608 304.1 608 352c0 53-43 96-96 96z"
      }
    },
    "free": []
  },
  "cogs": {
    "changes": [
      "1",
      "5.0.0"
    ],
    "ligatures": [],
    "search": {
      "terms": [
        "gears",
        "mechanical",
        "settings",
        "sprocket",
        "wheel"
      ]
    },
    "styles": [
      "light"
    ],
    "unicode": "f085",
    "label": "cogs",
    "voted": false,
    "svg": {
      "light": {
        "last_modified": 1628277664000,
        "raw": "<svg xmlns=\"http://www.w3.org/2000/svg\" viewBox=\"0 0 640 512\"><path d=\"M538.6 196.4l-2.5-3.9c-4.1.3-8.1.3-12.2 0l-2.5 4c-5.8 9.2-17.1 13.4-27.5 10.1-13.8-4.3-23-8.8-34.3-18.1-9-7.4-11.2-20.3-5.4-30.4l2.5-4.3c-2.3-3.4-4.3-6.9-6.1-10.6h-9.1c-11.6 0-21.4-8.2-23.6-19.6-2.6-13.7-2.7-24.2.1-38.5 2.1-11.3 12.1-19.5 23.6-19.5h9c1.8-3.7 3.8-7.2 6.1-10.6l-2.6-4.5c-5.8-10-3.6-22.7 5.2-30.3 10.6-9.1 19.7-14.3 33.5-19 10.8-3.7 22.7.7 28.5 10.6l2.6 4.4c4.1-.3 8.1-.3 12.2 0l2.6-4.4c5.8-9.9 17.7-14.3 28.6-10.5 13.3 4.5 22.3 9.6 33.5 19.1 8.8 7.5 10.9 20.2 5.1 30.2l-2.6 4.4c2.3 3.4 4.3 6.9 6.1 10.6h5.1c11.6 0 21.4 8.2 23.6 19.6 2.6 13.7 2.7 24.2-.1 38.5-2.1 11.3-12.1 19.5-23.6 19.5h-5c-1.8 3.7-3.8 7.2-6.1 10.6l2.5 4.3c5.9 10.2 3.5 23.1-5.5 30.5-10.7 8.8-19.9 13.4-34 17.9-10.5 3.3-21.9-.8-27.7-10.1zm12.2-34.5l10.6 18.3c6.7-2.8 12.9-6.4 18.7-10.8l-10.6-18.3 6.4-7.5c4.8-5.7 8.6-12.1 11-19.1l3.3-9.3h21.1c.9-7.1.9-14.4 0-21.5h-21.1l-3.3-9.3c-2.5-7-6.2-13.4-11-19.1l-6.4-7.5L580 39.4c-5.7-4.4-12-8-18.7-10.8l-10.6 18.3-9.7-1.8c-7.3-1.4-14.8-1.4-22.1 0l-9.7 1.8-10.6-18.3C492 31.3 485.7 35 480 39.4l10.6 18.3-6.4 7.5c-4.8 5.7-8.6 12.1-11 19.1l-3.3 9.3h-21.1c-.9 7.1-.9 14.4 0 21.5h21.1l3.3 9.3c2.5 7 6.2 13.4 11 19.1l6.4 7.5-10.6 18.4c5.7 4.4 12 8 18.7 10.8l10.6-18.3 9.7 1.8c7.3 1.4 14.8 1.4 22.1 0l9.7-1.8zM145.3 454.4v-31.6c-12.9-5.5-25.1-12.6-36.4-21.1l-27.5 15.9c-9.8 5.6-22.1 3.7-29.7-4.6-24.2-26.3-38.5-49.5-50.6-88.1-3.4-10.7 1.1-22.3 10.8-28L39.2 281c-1.7-14-1.7-28.1 0-42.1l-27.3-15.8c-9.7-5.6-14.2-17.3-10.8-28 12.1-38.4 26.2-61.6 50.6-88.1 7.6-8.3 20-10.2 29.7-4.6l27.4 15.9c11.3-8.5 23.5-15.5 36.4-21.1V65.6c0-11.3 7.8-21 18.8-23.4 34.7-7.8 62-8.7 101.7 0 11 2.4 18.9 12.2 18.9 23.4v31.6c12.9 5.5 25.1 12.6 36.4 21l27.4-15.8c9.8-5.6 22.2-3.7 29.8 4.6 26.9 29.6 41.5 55.9 52.1 88.5 3.4 10.5-.8 21.9-10.2 27.7l-25 15.8c1.7 14 1.7 28.1 0 42.1l28.1 17.5c8.6 5.4 13 15.6 10.8 25.5-6.9 31.3-33 64.6-55.9 89.2-7.6 8.2-19.9 10-29.6 4.4L321 401.8c-11.3 8.5-23.5 15.5-36.4 21.1v31.6c0 11.2-7.8 21-18.8 23.4-37.5 8.3-64.9 8.2-101.9 0-10.8-2.5-18.6-12.3-18.6-23.5zm32-6.2c24.8 5 50.5 5 75.3 0v-47.7l10.7-3.8c16.8-5.9 32.3-14.9 45.9-26.5l8.6-7.4 41.4 23.9c16.8-19.1 34-41.3 42.1-65.2l-41.4-23.9 2.1-11.1c3.2-17.6 3.2-35.5 0-53.1l-2.1-11.1 41.4-23.9c-8.1-23.9-25.3-46.2-42.1-65.2l-41.4 23.9-8.6-7.4c-13.6-11.7-29-20.6-45.9-26.5l-10.7-3.8V71.8c-24.8-5-50.5-5-75.3 0v47.7l-10.7 3.8c-16.8 5.9-32.3 14.9-45.9 26.5l-8.6 7.4-41.4-23.9A192.19 192.19 0 0 0 33 198.5l41.4 23.9-2.1 11.1c-3.2 17.6-3.2 35.5 0 53.1l2.1 11.1L33 321.6c8.1 23.9 20.9 46.2 37.7 65.2l41.4-23.9 8.6 7.4c13.6 11.7 29 20.6 45.9 26.5l10.7 3.8v47.6zm38.4-105.3c-45.7 0-82.9-37.2-82.9-82.9s37.2-82.9 82.9-82.9 82.9 37.2 82.9 82.9-37.2 82.9-82.9 82.9zm0-133.8c-28 0-50.9 22.8-50.9 50.9s22.8 50.9 50.9 50.9c28 0 50.9-22.8 50.9-50.9s-22.8-50.9-50.9-50.9zm322.9 291.7l-2.5-3.9c-4.1.3-8.1.3-12.2 0l-2.5 4c-5.8 9.2-17.1 13.4-27.5 10.1-13.8-4.3-23-8.8-34.3-18.1-9-7.4-11.2-20.3-5.4-30.4l2.5-4.3c-2.3-3.4-4.3-6.9-6.1-10.6h-9.1c-11.6 0-21.4-8.2-23.6-19.6-2.6-13.7-2.7-24.2.1-38.5 2.1-11.3 12.1-19.5 23.6-19.5h9c1.8-3.7 3.8-7.2 6.1-10.6l-2.6-4.5c-5.8-10-3.6-22.7 5.2-30.3 10.6-9.1 19.7-14.3 33.5-19 10.8-3.7 22.7.7 28.5 10.6l2.6 4.4c4.1-.3 8.1-.3 12.2 0l2.6-4.4c5.8-9.9 17.7-14.3 28.6-10.5 13.3 4.5 22.3 9.6 33.5 19.1 8.8 7.5 10.9 20.2 5.1 30.2l-2.6 4.4c2.3 3.4 4.3 6.9 6.1 10.6h5.1c11.6 0 21.4 8.2 23.6 19.6 2.6 13.7 2.7 24.2-.1 38.5-2.1 11.3-12.1 19.5-23.6 19.5h-5c-1.8 3.7-3.8 7.2-6.1 10.6l2.5 4.3c5.9 10.2 3.5 23.1-5.5 30.5-10.7 8.8-19.9 13.4-34 17.9-10.5 3.2-21.9-.9-27.7-10.1zm12.2-34.6l10.6 18.3c6.7-2.8 12.9-6.4 18.7-10.8l-10.6-18.3 6.4-7.5c4.8-5.7 8.6-12.1 11-19.1l3.3-9.3h21.1c.9-7.1.9-14.4 0-21.5h-21.1l-3.3-9.3c-2.5-7-6.2-13.4-11-19.1l-6.4-7.5 10.6-18.3c-5.7-4.4-12-8-18.7-10.8l-10.6 18.3-9.7-1.8c-7.3-1.4-14.8-1.4-22.1 0l-9.7 1.8-10.6-18.3c-6.7 2.8-12.9 6.4-18.7 10.8l10.6 18.3-6.4 7.5c-4.8 5.7-8.6 12.1-11 19.1l-3.3 9.3h-21.1c-.9 7.1-.9 14.4 0 21.5h21.1l3.3 9.3c2.5 7 6.2 13.4 11 19.1l6.4 7.5-10.6 18.3c5.7 4.4 12 8 18.7 10.8l10.6-18.3 9.7 1.8c7.3 1.4 14.8 1.4 22.1 0l9.7-1.8zM560 408c0-17.7-14.3-32-32-32s-32 14.3-32 32 14.3 32 32 32 32-14.3 32-32zm0-304.3c0-17.7-14.3-32-32-32s-32 14.3-32 32 14.3 32 32 32 32-14.4 32-32z\"/></svg>",
        "viewBox": [
          "0",
          "0",
          "640",
          "512"
        ],
        "width": 640,
        "height": 512,
        "path": "M538.6 196.4l-2.5-3.9c-4.1.3-8.1.3-12.2 0l-2.5 4c-5.8 9.2-17.1 13.4-27.5 10.1-13.8-4.3-23-8.8-34.3-18.1-9-7.4-11.2-20.3-5.4-30.4l2.5-4.3c-2.3-3.4-4.3-6.9-6.1-10.6h-9.1c-11.6 0-21.4-8.2-23.6-19.6-2.6-13.7-2.7-24.2.1-38.5 2.1-11.3 12.1-19.5 23.6-19.5h9c1.8-3.7 3.8-7.2 6.1-10.6l-2.6-4.5c-5.8-10-3.6-22.7 5.2-30.3 10.6-9.1 19.7-14.3 33.5-19 10.8-3.7 22.7.7 28.5 10.6l2.6 4.4c4.1-.3 8.1-.3 12.2 0l2.6-4.4c5.8-9.9 17.7-14.3 28.6-10.5 13.3 4.5 22.3 9.6 33.5 19.1 8.8 7.5 10.9 20.2 5.1 30.2l-2.6 4.4c2.3 3.4 4.3 6.9 6.1 10.6h5.1c11.6 0 21.4 8.2 23.6 19.6 2.6 13.7 2.7 24.2-.1 38.5-2.1 11.3-12.1 19.5-23.6 19.5h-5c-1.8 3.7-3.8 7.2-6.1 10.6l2.5 4.3c5.9 10.2 3.5 23.1-5.5 30.5-10.7 8.8-19.9 13.4-34 17.9-10.5 3.3-21.9-.8-27.7-10.1zm12.2-34.5l10.6 18.3c6.7-2.8 12.9-6.4 18.7-10.8l-10.6-18.3 6.4-7.5c4.8-5.7 8.6-12.1 11-19.1l3.3-9.3h21.1c.9-7.1.9-14.4 0-21.5h-21.1l-3.3-9.3c-2.5-7-6.2-13.4-11-19.1l-6.4-7.5L580 39.4c-5.7-4.4-12-8-18.7-10.8l-10.6 18.3-9.7-1.8c-7.3-1.4-14.8-1.4-22.1 0l-9.7 1.8-10.6-18.3C492 31.3 485.7 35 480 39.4l10.6 18.3-6.4 7.5c-4.8 5.7-8.6 12.1-11 19.1l-3.3 9.3h-21.1c-.9 7.1-.9 14.4 0 21.5h21.1l3.3 9.3c2.5 7 6.2 13.4 11 19.1l6.4 7.5-10.6 18.4c5.7 4.4 12 8 18.7 10.8l10.6-18.3 9.7 1.8c7.3 1.4 14.8 1.4 22.1 0l9.7-1.8zM145.3 454.4v-31.6c-12.9-5.5-25.1-12.6-36.4-21.1l-27.5 15.9c-9.8 5.6-22.1 3.7-29.7-4.6-24.2-26.3-38.5-49.5-50.6-88.1-3.4-10.7 1.1-22.3 10.8-28L39.2 281c-1.7-14-1.7-28.1 0-42.1l-27.3-15.8c-9.7-5.6-14.2-17.3-10.8-28 12.1-38.4 26.2-61.6 50.6-88.1 7.6-8.3 20-10.2 29.7-4.6l27.4 15.9c11.3-8.5 23.5-15.5 36.4-21.1V65.6c0-11.3 7.8-21 18.8-23.4 34.7-7.8 62-8.7 101.7 0 11 2.4 18.9 12.2 18.9 23.4v31.6c12.9 5.5 25.1 12.6 36.4 21l27.4-15.8c9.8-5.6 22.2-3.7 29.8 4.6 26.9 29.6 41.5 55.9 52.1 88.5 3.4 10.5-.8 21.9-10.2 27.7l-25 15.8c1.7 14 1.7 28.1 0 42.1l28.1 17.5c8.6 5.4 13 15.6 10.8 25.5-6.9 31.3-33 64.6-55.9 89.2-7.6 8.2-19.9 10-29.6 4.4L321 401.8c-11.3 8.5-23.5 15.5-36.4 21.1v31.6c0 11.2-7.8 21-18.8 23.4-37.5 8.3-64.9 8.2-101.9 0-10.8-2.5-18.6-12.3-18.6-23.5zm32-6.2c24.8 5 50.5 5 75.3 0v-47.7l10.7-3.8c16.8-5.9 32.3-14.9 45.9-26.5l8.6-7.4 41.4 23.9c16.8-19.1 34-41.3 42.1-65.2l-41.4-23.9 2.1-11.1c3.2-17.6 3.2-35.5 0-53.1l-2.1-11.1 41.4-23.9c-8.1-23.9-25.3-46.2-42.1-65.2l-41.4 23.9-8.6-7.4c-13.6-11.7-29-20.6-45.9-26.5l-10.7-3.8V71.8c-24.8-5-50.5-5-75.3 0v47.7l-10.7 3.8c-16.8 5.9-32.3 14.9-45.9 26.5l-8.6 7.4-41.4-23.9A192.19 192.19 0 0 0 33 198.5l41.4 23.9-2.1 11.1c-3.2 17.6-3.2 35.5 0 53.1l2.1 11.1L33 321.6c8.1 23.9 20.9 46.2 37.7 65.2l41.4-23.9 8.6 7.4c13.6 11.7 29 20.6 45.9 26.5l10.7 3.8v47.6zm38.4-105.3c-45.7 0-82.9-37.2-82.9-82.9s37.2-82.9 82.9-82.9 82.9 37.2 82.9 82.9-37.2 82.9-82.9 82.9zm0-133.8c-28 0-50.9 22.8-50.9 50.9s22.8 50.9 50.9 50.9c28 0 50.9-22.8 50.9-50.9s-22.8-50.9-50.9-50.9zm322.9 291.7l-2.5-3.9c-4.1.3-8.1.3-12.2 0l-2.5 4c-5.8 9.2-17.1 13.4-27.5 10.1-13.8-4.3-23-8.8-34.3-18.1-9-7.4-11.2-20.3-5.4-30.4l2.5-4.3c-2.3-3.4-4.3-6.9-6.1-10.6h-9.1c-11.6 0-21.4-8.2-23.6-19.6-2.6-13.7-2.7-24.2.1-38.5 2.1-11.3 12.1-19.5 23.6-19.5h9c1.8-3.7 3.8-7.2 6.1-10.6l-2.6-4.5c-5.8-10-3.6-22.7 5.2-30.3 10.6-9.1 19.7-14.3 33.5-19 10.8-3.7 22.7.7 28.5 10.6l2.6 4.4c4.1-.3 8.1-.3 12.2 0l2.6-4.4c5.8-9.9 17.7-14.3 28.6-10.5 13.3 4.5 22.3 9.6 33.5 19.1 8.8 7.5 10.9 20.2 5.1 30.2l-2.6 4.4c2.3 3.4 4.3 6.9 6.1 10.6h5.1c11.6 0 21.4 8.2 23.6 19.6 2.6 13.7 2.7 24.2-.1 38.5-2.1 11.3-12.1 19.5-23.6 19.5h-5c-1.8 3.7-3.8 7.2-6.1 10.6l2.5 4.3c5.9 10.2 3.5 23.1-5.5 30.5-10.7 8.8-19.9 13.4-34 17.9-10.5 3.2-21.9-.9-27.7-10.1zm12.2-34.6l10.6 18.3c6.7-2.8 12.9-6.4 18.7-10.8l-10.6-18.3 6.4-7.5c4.8-5.7 8.6-12.1 11-19.1l3.3-9.3h21.1c.9-7.1.9-14.4 0-21.5h-21.1l-3.3-9.3c-2.5-7-6.2-13.4-11-19.1l-6.4-7.5 10.6-18.3c-5.7-4.4-12-8-18.7-10.8l-10.6 18.3-9.7-1.8c-7.3-1.4-14.8-1.4-22.1 0l-9.7 1.8-10.6-18.3c-6.7 2.8-12.9 6.4-18.7 10.8l10.6 18.3-6.4 7.5c-4.8 5.7-8.6 12.1-11 19.1l-3.3 9.3h-21.1c-.9 7.1-.9 14.4 0 21.5h21.1l3.3 9.3c2.5 7 6.2 13.4 11 19.1l6.4 7.5-10.6 18.3c5.7 4.4 12 8 18.7 10.8l10.6-18.3 9.7 1.8c7.3 1.4 14.8 1.4 22.1 0l9.7-1.8zM560 408c0-17.7-14.3-32-32-32s-32 14.3-32 32 14.3 32 32 32 32-14.3 32-32zm0-304.3c0-17.7-14.3-32-32-32s-32 14.3-32 32 14.3 32 32 32 32-14.4 32-32z"
      }
    },
    "free": [
      "solid"
    ]
  },
  "comment-alt": {
    "changes": [
      "4.4",
      "5.0.0",
      "5.10.1"
    ],
    "ligatures": [],
    "search": {
      "terms": [
        "bubble",
        "chat",
        "commenting",
        "conversation",
        "feedback",
        "message",
        "note",
        "notification",
        "sms",
        "speech",
        "texting"
      ]
    },
    "styles": [
      "light"
    ],
    "unicode": "f27a",
    "label": "Alternate Comment",
    "voted": false,
    "svg": {
      "light": {
        "last_modified": 1628277664000,
        "raw": "<svg xmlns=\"http://www.w3.org/2000/svg\" viewBox=\"0 0 512 512\"><path d=\"M448 0H64C28.7 0 0 28.7 0 64v288c0 35.3 28.7 64 64 64h96v84c0 7.1 5.8 12 12 12 2.4 0 4.9-.7 7.1-2.4L304 416h144c35.3 0 64-28.7 64-64V64c0-35.3-28.7-64-64-64zm32 352c0 17.6-14.4 32-32 32H293.3l-8.5 6.4L192 460v-76H64c-17.6 0-32-14.4-32-32V64c0-17.6 14.4-32 32-32h384c17.6 0 32 14.4 32 32v288z\"/></svg>",
        "viewBox": [
          "0",
          "0",
          "512",
          "512"
        ],
        "width": 512,
        "height": 512,
        "path": "M448 0H64C28.7 0 0 28.7 0 64v288c0 35.3 28.7 64 64 64h96v84c0 7.1 5.8 12 12 12 2.4 0 4.9-.7 7.1-2.4L304 416h144c35.3 0 64-28.7 64-64V64c0-35.3-28.7-64-64-64zm32 352c0 17.6-14.4 32-32 32H293.3l-8.5 6.4L192 460v-76H64c-17.6 0-32-14.4-32-32V64c0-17.6 14.4-32 32-32h384c17.6 0 32 14.4 32 32v288z"
      }
    },
    "free": [
      "solid",
      "regular"
    ]
  },
  "ellipsis-h": {
    "changes": [
      "3.1",
      "5.0.0"
    ],
    "ligatures": [],
    "search": {
      "terms": [
        "dots",
        "drag",
        "kebab",
        "list",
        "menu",
        "nav",
        "navigation",
        "ol",
        "reorder",
        "settings",
        "ul"
      ]
    },
    "styles": [
      "light"
    ],
    "unicode": "f141",
    "label": "Horizontal Ellipsis",
    "voted": false,
    "svg": {
      "light": {
        "last_modified": 1628277665000,
        "raw": "<svg xmlns=\"http://www.w3.org/2000/svg\" viewBox=\"0 0 320 512\"><path d=\"M192 256c0 17.7-14.3 32-32 32s-32-14.3-32-32 14.3-32 32-32 32 14.3 32 32zm88-32c-17.7 0-32 14.3-32 32s14.3 32 32 32 32-14.3 32-32-14.3-32-32-32zm-240 0c-17.7 0-32 14.3-32 32s14.3 32 32 32 32-14.3 32-32-14.3-32-32-32z\"/></svg>",
        "viewBox": [
          "0",
          "0",
          "320",
          "512"
        ],
        "width": 320,
        "height": 512,
        "path": "M192 256c0 17.7-14.3 32-32 32s-32-14.3-32-32 14.3-32 32-32 32 14.3 32 32zm88-32c-17.7 0-32 14.3-32 32s14.3 32 32 32 32-14.3 32-32-14.3-32-32-32zm-240 0c-17.7 0-32 14.3-32 32s14.3 32 32 32 32-14.3 32-32-14.3-32-32-32z"
      }
    },
    "free": [
      "solid"
    ]
  },
  "envelope": {
    "changes": [
      "2",
      "5.0.0",
      "5.10.1",
      "5.10.2"
    ],
    "ligatures": [],
    "search": {
      "terms": [
        "e-mail",
        "email",
        "letter",
        "mail",
        "message",
        "notification",
        "support"
      ]
    },
    "styles": [
      "light"
    ],
    "unicode": "f0e0",
    "label": "Envelope",
    "voted": false,
    "svg": {
      "light": {
        "last_modified": 1628277665000,
        "raw": "<svg xmlns=\"http://www.w3.org/2000/svg\" viewBox=\"0 0 512 512\"><path d=\"M464 64H48C21.5 64 0 85.5 0 112v288c0 26.5 21.5 48 48 48h416c26.5 0 48-21.5 48-48V112c0-26.5-21.5-48-48-48zM48 96h416c8.8 0 16 7.2 16 16v41.4c-21.9 18.5-53.2 44-150.6 121.3-16.9 13.4-50.2 45.7-73.4 45.3-23.2.4-56.6-31.9-73.4-45.3C85.2 197.4 53.9 171.9 32 153.4V112c0-8.8 7.2-16 16-16zm416 320H48c-8.8 0-16-7.2-16-16V195c22.8 18.7 58.8 47.6 130.7 104.7 20.5 16.4 56.7 52.5 93.3 52.3 36.4.3 72.3-35.5 93.3-52.3 71.9-57.1 107.9-86 130.7-104.7v205c0 8.8-7.2 16-16 16z\"/></svg>",
        "viewBox": [
          "0",
          "0",
          "512",
          "512"
        ],
        "width": 512,
        "height": 512,
        "path": "M464 64H48C21.5 64 0 85.5 0 112v288c0 26.5 21.5 48 48 48h416c26.5 0 48-21.5 48-48V112c0-26.5-21.5-48-48-48zM48 96h416c8.8 0 16 7.2 16 16v41.4c-21.9 18.5-53.2 44-150.6 121.3-16.9 13.4-50.2 45.7-73.4 45.3-23.2.4-56.6-31.9-73.4-45.3C85.2 197.4 53.9 171.9 32 153.4V112c0-8.8 7.2-16 16-16zm416 320H48c-8.8 0-16-7.2-16-16V195c22.8 18.7 58.8 47.6 130.7 104.7 20.5 16.4 56.7 52.5 93.3 52.3 36.4.3 72.3-35.5 93.3-52.3 71.9-57.1 107.9-86 130.7-104.7v205c0 8.8-7.2 16-16 16z"
      }
    },
    "free": [
      "solid",
      "regular"
    ]
  },
  "exclamation-triangle": {
    "changes": [
      "1",
      "5.0.0",
      "5.6.1"
    ],
    "ligatures": [],
    "search": {
      "terms": [
        "alert",
        "danger",
        "error",
        "important",
        "notice",
        "notification",
        "notify",
        "problem",
        "warning"
      ]
    },
    "styles": [
      "light"
    ],
    "unicode": "f071",
    "label": "Exclamation Triangle",
    "voted": false,
    "svg": {
      "light": {
        "last_modified": 1628277665000,
        "raw": "<svg xmlns=\"http://www.w3.org/2000/svg\" viewBox=\"0 0 576 512\"><path d=\"M270.2 160h35.5c3.4 0 6.1 2.8 6 6.2l-7.5 196c-.1 3.2-2.8 5.8-6 5.8h-20.5c-3.2 0-5.9-2.5-6-5.8l-7.5-196c-.1-3.4 2.6-6.2 6-6.2zM288 388c-15.5 0-28 12.5-28 28s12.5 28 28 28 28-12.5 28-28-12.5-28-28-28zm281.5 52L329.6 24c-18.4-32-64.7-32-83.2 0L6.5 440c-18.4 31.9 4.6 72 41.6 72H528c36.8 0 60-40 41.5-72zM528 480H48c-12.3 0-20-13.3-13.9-24l240-416c6.1-10.6 21.6-10.7 27.7 0l240 416c6.2 10.6-1.5 24-13.8 24z\"/></svg>",
        "viewBox": [
          "0",
          "0",
          "576",
          "512"
        ],
        "width": 576,
        "height": 512,
        "path": "M270.2 160h35.5c3.4 0 6.1 2.8 6 6.2l-7.5 196c-.1 3.2-2.8 5.8-6 5.8h-20.5c-3.2 0-5.9-2.5-6-5.8l-7.5-196c-.1-3.4 2.6-6.2 6-6.2zM288 388c-15.5 0-28 12.5-28 28s12.5 28 28 28 28-12.5 28-28-12.5-28-28-28zm281.5 52L329.6 24c-18.4-32-64.7-32-83.2 0L6.5 440c-18.4 31.9 4.6 72 41.6 72H528c36.8 0 60-40 41.5-72zM528 480H48c-12.3 0-20-13.3-13.9-24l240-416c6.1-10.6 21.6-10.7 27.7 0l240 416c6.2 10.6-1.5 24-13.8 24z"
      }
    },
    "free": [
      "solid"
    ]
  },
  "file-pdf": {
    "changes": [
      "4.1",
      "5.0.0",
      "5.10.2"
    ],
    "ligatures": [],
    "search": {
      "terms": [
        "acrobat",
        "document",
        "preview",
        "save"
      ]
    },
    "styles": [
      "light"
    ],
    "unicode": "f1c1",
    "label": "PDF File",
    "voted": false,
    "svg": {
      "light": {
        "last_modified": 1628277665000,
        "raw": "<svg xmlns=\"http://www.w3.org/2000/svg\" viewBox=\"0 0 384 512\"><path d=\"M369.9 97.9L286 14C277 5 264.8-.1 252.1-.1H48C21.5 0 0 21.5 0 48v416c0 26.5 21.5 48 48 48h288c26.5 0 48-21.5 48-48V131.9c0-12.7-5.1-25-14.1-34zm-22.6 22.7c2.1 2.1 3.5 4.6 4.2 7.4H256V32.5c2.8.7 5.3 2.1 7.4 4.2l83.9 83.9zM336 480H48c-8.8 0-16-7.2-16-16V48c0-8.8 7.2-16 16-16h176v104c0 13.3 10.7 24 24 24h104v304c0 8.8-7.2 16-16 16zm-22-171.2c-13.5-13.3-55-9.2-73.7-6.7-21.2-12.8-35.2-30.4-45.1-56.6 4.3-18 12-47.2 6.4-64.9-4.4-28.1-39.7-24.7-44.6-6.8-5 18.3-.3 44.4 8.4 77.8-11.9 28.4-29.7 66.9-42.1 88.6-20.8 10.7-54.1 29.3-58.8 52.4-3.5 16.8 22.9 39.4 53.1 6.4 9.1-9.9 19.3-24.8 31.3-45.5 26.7-8.8 56.1-19.8 82-24 21.9 12 47.6 19.9 64.6 19.9 27.7.1 28.9-30.2 18.5-40.6zm-229.2 89c5.9-15.9 28.6-34.4 35.5-40.8-22.1 35.3-35.5 41.5-35.5 40.8zM180 175.5c8.7 0 7.8 37.5 2.1 47.6-5.2-16.3-5-47.6-2.1-47.6zm-28.4 159.3c11.3-19.8 21-43.2 28.8-63.7 9.7 17.7 22.1 31.7 35.1 41.5-24.3 4.7-45.4 15.1-63.9 22.2zm153.4-5.9s-5.8 7-43.5-9.1c41-3 47.7 6.4 43.5 9.1z\"/></svg>",
        "viewBox": [
          "0",
          "0",
          "384",
          "512"
        ],
        "width": 384,
        "height": 512,
        "path": "M369.9 97.9L286 14C277 5 264.8-.1 252.1-.1H48C21.5 0 0 21.5 0 48v416c0 26.5 21.5 48 48 48h288c26.5 0 48-21.5 48-48V131.9c0-12.7-5.1-25-14.1-34zm-22.6 22.7c2.1 2.1 3.5 4.6 4.2 7.4H256V32.5c2.8.7 5.3 2.1 7.4 4.2l83.9 83.9zM336 480H48c-8.8 0-16-7.2-16-16V48c0-8.8 7.2-16 16-16h176v104c0 13.3 10.7 24 24 24h104v304c0 8.8-7.2 16-16 16zm-22-171.2c-13.5-13.3-55-9.2-73.7-6.7-21.2-12.8-35.2-30.4-45.1-56.6 4.3-18 12-47.2 6.4-64.9-4.4-28.1-39.7-24.7-44.6-6.8-5 18.3-.3 44.4 8.4 77.8-11.9 28.4-29.7 66.9-42.1 88.6-20.8 10.7-54.1 29.3-58.8 52.4-3.5 16.8 22.9 39.4 53.1 6.4 9.1-9.9 19.3-24.8 31.3-45.5 26.7-8.8 56.1-19.8 82-24 21.9 12 47.6 19.9 64.6 19.9 27.7.1 28.9-30.2 18.5-40.6zm-229.2 89c5.9-15.9 28.6-34.4 35.5-40.8-22.1 35.3-35.5 41.5-35.5 40.8zM180 175.5c8.7 0 7.8 37.5 2.1 47.6-5.2-16.3-5-47.6-2.1-47.6zm-28.4 159.3c11.3-19.8 21-43.2 28.8-63.7 9.7 17.7 22.1 31.7 35.1 41.5-24.3 4.7-45.4 15.1-63.9 22.2zm153.4-5.9s-5.8 7-43.5-9.1c41-3 47.7 6.4 43.5 9.1z"
      }
    },
    "free": [
      "solid",
      "regular"
    ]
  },
  "home": {
    "changes": [
      "1",
      "5.0.0",
      "5.7.0"
    ],
    "ligatures": [],
    "search": {
      "terms": [
        "abode",
        "building",
        "house",
        "main"
      ]
    },
    "styles": [
      "light"
    ],
    "unicode": "f015",
    "label": "home",
    "voted": false,
    "svg": {
      "light": {
        "last_modified": 1628277665000,
        "raw": "<svg xmlns=\"http://www.w3.org/2000/svg\" viewBox=\"0 0 576 512\"><path d=\"M541 229.16l-61-49.83v-77.4a6 6 0 0 0-6-6h-20a6 6 0 0 0-6 6v51.33L308.19 39.14a32.16 32.16 0 0 0-40.38 0L35 229.16a8 8 0 0 0-1.16 11.24l10.1 12.41a8 8 0 0 0 11.2 1.19L96 220.62v243a16 16 0 0 0 16 16h128a16 16 0 0 0 16-16v-128l64 .3V464a16 16 0 0 0 16 16l128-.33a16 16 0 0 0 16-16V220.62L520.86 254a8 8 0 0 0 11.25-1.16l10.1-12.41a8 8 0 0 0-1.21-11.27zm-93.11 218.59h.1l-96 .3V319.88a16.05 16.05 0 0 0-15.95-16l-96-.27a16 16 0 0 0-16.05 16v128.14H128V194.51L288 63.94l160 130.57z\"/></svg>",
        "viewBox": [
          "0",
          "0",
          "576",
          "512"
        ],
        "width": 576,
        "height": 512,
        "path": "M541 229.16l-61-49.83v-77.4a6 6 0 0 0-6-6h-20a6 6 0 0 0-6 6v51.33L308.19 39.14a32.16 32.16 0 0 0-40.38 0L35 229.16a8 8 0 0 0-1.16 11.24l10.1 12.41a8 8 0 0 0 11.2 1.19L96 220.62v243a16 16 0 0 0 16 16h128a16 16 0 0 0 16-16v-128l64 .3V464a16 16 0 0 0 16 16l128-.33a16 16 0 0 0 16-16V220.62L520.86 254a8 8 0 0 0 11.25-1.16l10.1-12.41a8 8 0 0 0-1.21-11.27zm-93.11 218.59h.1l-96 .3V319.88a16.05 16.05 0 0 0-15.95-16l-96-.27a16 16 0 0 0-16.05 16v128.14H128V194.51L288 63.94l160 130.57z"
      }
    },
    "free": [
      "solid"
    ]
  },
  "link": {
    "changes": [
      "2",
      "5.0.0"
    ],
    "ligatures": [],
    "search": {
      "terms": [
        "attach",
        "attachment",
        "chain",
        "connect"
      ]
    },
    "styles": [
      "light"
    ],
    "unicode": "f0c1",
    "label": "Link",
    "voted": false,
    "svg": {
      "light": {
        "last_modified": 1628277665000,
        "raw": "<svg xmlns=\"http://www.w3.org/2000/svg\" viewBox=\"0 0 512 512\"><path d=\"M301.148 394.702l-79.2 79.19c-50.778 50.799-133.037 50.824-183.84 0-50.799-50.778-50.824-133.037 0-183.84l79.19-79.2a132.833 132.833 0 0 1 3.532-3.403c7.55-7.005 19.795-2.004 20.208 8.286.193 4.807.598 9.607 1.216 14.384.481 3.717-.746 7.447-3.397 10.096-16.48 16.469-75.142 75.128-75.3 75.286-36.738 36.759-36.731 96.188 0 132.94 36.759 36.738 96.188 36.731 132.94 0l79.2-79.2.36-.36c36.301-36.672 36.14-96.07-.37-132.58-8.214-8.214-17.577-14.58-27.585-19.109-4.566-2.066-7.426-6.667-7.134-11.67a62.197 62.197 0 0 1 2.826-15.259c2.103-6.601 9.531-9.961 15.919-7.28 15.073 6.324 29.187 15.62 41.435 27.868 50.688 50.689 50.679 133.17 0 183.851zm-90.296-93.554c12.248 12.248 26.362 21.544 41.435 27.868 6.388 2.68 13.816-.68 15.919-7.28a62.197 62.197 0 0 0 2.826-15.259c.292-5.003-2.569-9.604-7.134-11.67-10.008-4.528-19.371-10.894-27.585-19.109-36.51-36.51-36.671-95.908-.37-132.58l.36-.36 79.2-79.2c36.752-36.731 96.181-36.738 132.94 0 36.731 36.752 36.738 96.181 0 132.94-.157.157-58.819 58.817-75.3 75.286-2.651 2.65-3.878 6.379-3.397 10.096a163.156 163.156 0 0 1 1.216 14.384c.413 10.291 12.659 15.291 20.208 8.286a131.324 131.324 0 0 0 3.532-3.403l79.19-79.2c50.824-50.803 50.799-133.062 0-183.84-50.802-50.824-133.062-50.799-183.84 0l-79.2 79.19c-50.679 50.682-50.688 133.163 0 183.851z\"/></svg>",
        "viewBox": [
          "0",
          "0",
          "512",
          "512"
        ],
        "width": 512,
        "height": 512,
        "path": "M301.148 394.702l-79.2 79.19c-50.778 50.799-133.037 50.824-183.84 0-50.799-50.778-50.824-133.037 0-183.84l79.19-79.2a132.833 132.833 0 0 1 3.532-3.403c7.55-7.005 19.795-2.004 20.208 8.286.193 4.807.598 9.607 1.216 14.384.481 3.717-.746 7.447-3.397 10.096-16.48 16.469-75.142 75.128-75.3 75.286-36.738 36.759-36.731 96.188 0 132.94 36.759 36.738 96.188 36.731 132.94 0l79.2-79.2.36-.36c36.301-36.672 36.14-96.07-.37-132.58-8.214-8.214-17.577-14.58-27.585-19.109-4.566-2.066-7.426-6.667-7.134-11.67a62.197 62.197 0 0 1 2.826-15.259c2.103-6.601 9.531-9.961 15.919-7.28 15.073 6.324 29.187 15.62 41.435 27.868 50.688 50.689 50.679 133.17 0 183.851zm-90.296-93.554c12.248 12.248 26.362 21.544 41.435 27.868 6.388 2.68 13.816-.68 15.919-7.28a62.197 62.197 0 0 0 2.826-15.259c.292-5.003-2.569-9.604-7.134-11.67-10.008-4.528-19.371-10.894-27.585-19.109-36.51-36.51-36.671-95.908-.37-132.58l.36-.36 79.2-79.2c36.752-36.731 96.181-36.738 132.94 0 36.731 36.752 36.738 96.181 0 132.94-.157.157-58.819 58.817-75.3 75.286-2.651 2.65-3.878 6.379-3.397 10.096a163.156 163.156 0 0 1 1.216 14.384c.413 10.291 12.659 15.291 20.208 8.286a131.324 131.324 0 0 0 3.532-3.403l79.19-79.2c50.824-50.803 50.799-133.062 0-183.84-50.802-50.824-133.062-50.799-183.84 0l-79.2 79.19c-50.679 50.682-50.688 133.163 0 183.851z"
      }
    },
    "free": [
      "solid"
    ]
  },
  "lock-alt": {
    "changes": [
      "5.0.0"
    ],
    "ligatures": [],
    "search": {
      "terms": [
        "admin",
        "lock",
        "open",
        "password",
        "private",
        "protect",
        "security"
      ]
    },
    "styles": [
      "light"
    ],
    "unicode": "f30d",
    "label": "Alternate Lock",
    "voted": false,
    "svg": {
      "light": {
        "last_modified": 1628277665000,
        "raw": "<svg xmlns=\"http://www.w3.org/2000/svg\" viewBox=\"0 0 448 512\"><path d=\"M224 420c-11 0-20-9-20-20v-64c0-11 9-20 20-20s20 9 20 20v64c0 11-9 20-20 20zm224-148v192c0 26.5-21.5 48-48 48H48c-26.5 0-48-21.5-48-48V272c0-26.5 21.5-48 48-48h16v-64C64 71.6 136-.3 224.5 0 312.9.3 384 73.1 384 161.5V224h16c26.5 0 48 21.5 48 48zM96 224h256v-64c0-70.6-57.4-128-128-128S96 89.4 96 160v64zm320 240V272c0-8.8-7.2-16-16-16H48c-8.8 0-16 7.2-16 16v192c0 8.8 7.2 16 16 16h352c8.8 0 16-7.2 16-16z\"/></svg>",
        "viewBox": [
          "0",
          "0",
          "448",
          "512"
        ],
        "width": 448,
        "height": 512,
        "path": "M224 420c-11 0-20-9-20-20v-64c0-11 9-20 20-20s20 9 20 20v64c0 11-9 20-20 20zm224-148v192c0 26.5-21.5 48-48 48H48c-26.5 0-48-21.5-48-48V272c0-26.5 21.5-48 48-48h16v-64C64 71.6 136-.3 224.5 0 312.9.3 384 73.1 384 161.5V224h16c26.5 0 48 21.5 48 48zM96 224h256v-64c0-70.6-57.4-128-128-128S96 89.4 96 160v64zm320 240V272c0-8.8-7.2-16-16-16H48c-8.8 0-16 7.2-16 16v192c0 8.8 7.2 16 16 16h352c8.8 0 16-7.2 16-16z"
      }
    },
    "free": []
  },
  "male": {
    "changes": [
      "3.2",
      "5.0.0"
    ],
    "ligatures": [],
    "search": {
      "terms": [
        "human",
        "man",
        "person",
        "profile",
        "user"
      ]
    },
    "styles": [
      "light"
    ],
    "unicode": "f183",
    "label": "Male",
    "voted": false,
    "svg": {
      "light": {
        "last_modified": 1628277665000,
        "raw": "<svg xmlns=\"http://www.w3.org/2000/svg\" viewBox=\"0 0 256 512\"><path d=\"M198.746 140.274C209.582 125.647 216 107.56 216 88c0-48.523-39.477-88-88-88S40 39.477 40 88c0 19.56 6.418 37.647 17.254 52.274C28.585 150.478 8 177.873 8 210v105c0 24.74 17.041 45.576 40 51.387V459c0 29.224 23.776 53 53 53h54c29.224 0 53-23.776 53-53v-92.613c22.959-5.812 40-26.647 40-51.387V210c0-32.127-20.585-59.522-49.254-69.726zM128 32c30.928 0 56 25.072 56 56s-25.072 56-56 56-56-25.072-56-56 25.072-56 56-56zm88 283c0 11.598-9.402 21-21 21h-19v123c0 11.598-9.402 21-21 21h-54c-11.598 0-21-9.402-21-21V336H61c-11.598 0-21-9.402-21-21V210c0-23.196 18.804-42 42-42h9.36c22.711 10.443 49.59 10.894 73.28 0H174c23.196 0 42 18.804 42 42v105z\"/></svg>",
        "viewBox": [
          "0",
          "0",
          "256",
          "512"
        ],
        "width": 256,
        "height": 512,
        "path": "M198.746 140.274C209.582 125.647 216 107.56 216 88c0-48.523-39.477-88-88-88S40 39.477 40 88c0 19.56 6.418 37.647 17.254 52.274C28.585 150.478 8 177.873 8 210v105c0 24.74 17.041 45.576 40 51.387V459c0 29.224 23.776 53 53 53h54c29.224 0 53-23.776 53-53v-92.613c22.959-5.812 40-26.647 40-51.387V210c0-32.127-20.585-59.522-49.254-69.726zM128 32c30.928 0 56 25.072 56 56s-25.072 56-56 56-56-25.072-56-56 25.072-56 56-56zm88 283c0 11.598-9.402 21-21 21h-19v123c0 11.598-9.402 21-21 21h-54c-11.598 0-21-9.402-21-21V336H61c-11.598 0-21-9.402-21-21V210c0-23.196 18.804-42 42-42h9.36c22.711 10.443 49.59 10.894 73.28 0H174c23.196 0 42 18.804 42 42v105z"
      }
    },
    "free": [
      "solid"
    ]
  },
  "map-marker": {
    "changes": [
      "1",
      "5.0.0"
    ],
    "ligatures": [],
    "search": {
      "terms": [
        "address",
        "coordinates",
        "destination",
        "gps",
        "localize",
        "location",
        "map",
        "navigation",
        "paper",
        "pin",
        "place",
        "point of interest",
        "position",
        "route",
        "travel"
      ]
    },
    "styles": [
      "light"
    ],
    "unicode": "f041",
    "label": "map-marker",
    "voted": false,
    "svg": {
      "light": {
        "last_modified": 1628277665000,
        "raw": "<svg xmlns=\"http://www.w3.org/2000/svg\" viewBox=\"0 0 384 512\"><path d=\"M192 0C85.961 0 0 85.961 0 192c0 77.413 26.97 99.031 172.268 309.67 9.534 13.772 29.929 13.774 39.465 0C357.03 291.031 384 269.413 384 192 384 85.961 298.039 0 192 0zm0 473.931C52.705 272.488 32 256.494 32 192c0-42.738 16.643-82.917 46.863-113.137S149.262 32 192 32s82.917 16.643 113.137 46.863S352 149.262 352 192c0 64.49-20.692 80.47-160 281.931z\"/></svg>",
        "viewBox": [
          "0",
          "0",
          "384",
          "512"
        ],
        "width": 384,
        "height": 512,
        "path": "M192 0C85.961 0 0 85.961 0 192c0 77.413 26.97 99.031 172.268 309.67 9.534 13.772 29.929 13.774 39.465 0C357.03 291.031 384 269.413 384 192 384 85.961 298.039 0 192 0zm0 473.931C52.705 272.488 32 256.494 32 192c0-42.738 16.643-82.917 46.863-113.137S149.262 32 192 32s82.917 16.643 113.137 46.863S352 149.262 352 192c0 64.49-20.692 80.47-160 281.931z"
      }
    },
    "free": [
      "solid"
    ]
  },
  "minus": {
    "changes": [
      "1",
      "5.0.0"
    ],
    "ligatures": [],
    "search": {
      "terms": [
        "collapse",
        "delete",
        "hide",
        "minify",
        "negative",
        "remove",
        "trash"
      ]
    },
    "styles": [
      "light"
    ],
    "unicode": "f068",
    "label": "minus",
    "voted": false,
    "svg": {
      "light": {
        "last_modified": 1628277665000,
        "raw": "<svg xmlns=\"http://www.w3.org/2000/svg\" viewBox=\"0 0 384 512\"><path d=\"M376 232H8c-4.42 0-8 3.58-8 8v32c0 4.42 3.58 8 8 8h368c4.42 0 8-3.58 8-8v-32c0-4.42-3.58-8-8-8z\"/></svg>",
        "viewBox": [
          "0",
          "0",
          "384",
          "512"
        ],
        "width": 384,
        "height": 512,
        "path": "M376 232H8c-4.42 0-8 3.58-8 8v32c0 4.42 3.58 8 8 8h368c4.42 0 8-3.58 8-8v-32c0-4.42-3.58-8-8-8z"
      }
    },
    "free": [
      "solid"
    ]
  },
  "minus-circle": {
    "changes": [
      "1",
      "5.0.0",
      "5.10.2"
    ],
    "ligatures": [],
    "search": {
      "terms": [
        "delete",
        "hide",
        "negative",
        "remove",
        "shape",
        "trash"
      ]
    },
    "styles": [
      "light"
    ],
    "unicode": "f056",
    "label": "Minus Circle",
    "voted": false,
    "svg": {
      "light": {
        "last_modified": 1628277665000,
        "raw": "<svg xmlns=\"http://www.w3.org/2000/svg\" viewBox=\"0 0 512 512\"><path d=\"M140 274c-6.6 0-12-5.4-12-12v-12c0-6.6 5.4-12 12-12h232c6.6 0 12 5.4 12 12v12c0 6.6-5.4 12-12 12H140zm364-18c0 137-111 248-248 248S8 393 8 256 119 8 256 8s248 111 248 248zm-32 0c0-119.9-97.3-216-216-216-119.9 0-216 97.3-216 216 0 119.9 97.3 216 216 216 119.9 0 216-97.3 216-216z\"/></svg>",
        "viewBox": [
          "0",
          "0",
          "512",
          "512"
        ],
        "width": 512,
        "height": 512,
        "path": "M140 274c-6.6 0-12-5.4-12-12v-12c0-6.6 5.4-12 12-12h232c6.6 0 12 5.4 12 12v12c0 6.6-5.4 12-12 12H140zm364-18c0 137-111 248-248 248S8 393 8 256 119 8 256 8s248 111 248 248zm-32 0c0-119.9-97.3-216-216-216-119.9 0-216 97.3-216 216 0 119.9 97.3 216 216 216 119.9 0 216-97.3 216-216z"
      }
    },
    "free": [
      "solid"
    ]
  },
  "plus": {
    "changes": [
      "1",
      "5.0.0",
      "5.0.13"
    ],
    "ligatures": [],
    "search": {
      "terms": [
        "add",
        "create",
        "expand",
        "new",
        "positive",
        "shape"
      ]
    },
    "styles": [
      "light"
    ],
    "unicode": "f067",
    "label": "plus",
    "voted": false,
    "svg": {
      "light": {
        "last_modified": 1628277665000,
        "raw": "<svg xmlns=\"http://www.w3.org/2000/svg\" viewBox=\"0 0 384 512\"><path d=\"M376 232H216V72c0-4.42-3.58-8-8-8h-32c-4.42 0-8 3.58-8 8v160H8c-4.42 0-8 3.58-8 8v32c0 4.42 3.58 8 8 8h160v160c0 4.42 3.58 8 8 8h32c4.42 0 8-3.58 8-8V280h160c4.42 0 8-3.58 8-8v-32c0-4.42-3.58-8-8-8z\"/></svg>",
        "viewBox": [
          "0",
          "0",
          "384",
          "512"
        ],
        "width": 384,
        "height": 512,
        "path": "M376 232H216V72c0-4.42-3.58-8-8-8h-32c-4.42 0-8 3.58-8 8v160H8c-4.42 0-8 3.58-8 8v32c0 4.42 3.58 8 8 8h160v160c0 4.42 3.58 8 8 8h32c4.42 0 8-3.58 8-8V280h160c4.42 0 8-3.58 8-8v-32c0-4.42-3.58-8-8-8z"
      }
    },
    "free": [
      "solid"
    ]
  },
  "plus-circle": {
    "changes": [
      "1",
      "5.0.0"
    ],
    "ligatures": [],
    "search": {
      "terms": [
        "add",
        "create",
        "expand",
        "new",
        "positive",
        "shape"
      ]
    },
    "styles": [
      "light"
    ],
    "unicode": "f055",
    "label": "Plus Circle",
    "voted": false,
    "svg": {
      "light": {
        "last_modified": 1628277665000,
        "raw": "<svg xmlns=\"http://www.w3.org/2000/svg\" viewBox=\"0 0 512 512\"><path d=\"M384 250v12c0 6.6-5.4 12-12 12h-98v98c0 6.6-5.4 12-12 12h-12c-6.6 0-12-5.4-12-12v-98h-98c-6.6 0-12-5.4-12-12v-12c0-6.6 5.4-12 12-12h98v-98c0-6.6 5.4-12 12-12h12c6.6 0 12 5.4 12 12v98h98c6.6 0 12 5.4 12 12zm120 6c0 137-111 248-248 248S8 393 8 256 119 8 256 8s248 111 248 248zm-32 0c0-119.9-97.3-216-216-216-119.9 0-216 97.3-216 216 0 119.9 97.3 216 216 216 119.9 0 216-97.3 216-216z\"/></svg>",
        "viewBox": [
          "0",
          "0",
          "512",
          "512"
        ],
        "width": 512,
        "height": 512,
        "path": "M384 250v12c0 6.6-5.4 12-12 12h-98v98c0 6.6-5.4 12-12 12h-12c-6.6 0-12-5.4-12-12v-98h-98c-6.6 0-12-5.4-12-12v-12c0-6.6 5.4-12 12-12h98v-98c0-6.6 5.4-12 12-12h12c6.6 0 12 5.4 12 12v98h98c6.6 0 12 5.4 12 12zm120 6c0 137-111 248-248 248S8 393 8 256 119 8 256 8s248 111 248 248zm-32 0c0-119.9-97.3-216-216-216-119.9 0-216 97.3-216 216 0 119.9 97.3 216 216 216 119.9 0 216-97.3 216-216z"
      }
    },
    "free": [
      "solid"
    ]
  },
  "question-circle": {
    "changes": [
      "1",
      "5.0.0"
    ],
    "ligatures": [],
    "search": {
      "terms": [
        "help",
        "information",
        "support",
        "unknown"
      ]
    },
    "styles": [
      "light"
    ],
    "unicode": "f059",
    "label": "Question Circle",
    "voted": false,
    "svg": {
      "light": {
        "last_modified": 1628277665000,
        "raw": "<svg xmlns=\"http://www.w3.org/2000/svg\" viewBox=\"0 0 512 512\"><path d=\"M256 340c-15.464 0-28 12.536-28 28s12.536 28 28 28 28-12.536 28-28-12.536-28-28-28zm7.67-24h-16c-6.627 0-12-5.373-12-12v-.381c0-70.343 77.44-63.619 77.44-107.408 0-20.016-17.761-40.211-57.44-40.211-29.144 0-44.265 9.649-59.211 28.692-3.908 4.98-11.054 5.995-16.248 2.376l-13.134-9.15c-5.625-3.919-6.86-11.771-2.645-17.177C185.658 133.514 210.842 116 255.67 116c52.32 0 97.44 29.751 97.44 80.211 0 67.414-77.44 63.849-77.44 107.408V304c0 6.627-5.373 12-12 12zM256 40c118.621 0 216 96.075 216 216 0 119.291-96.61 216-216 216-119.244 0-216-96.562-216-216 0-119.203 96.602-216 216-216m0-32C119.043 8 8 119.083 8 256c0 136.997 111.043 248 248 248s248-111.003 248-248C504 119.083 392.957 8 256 8z\"/></svg>",
        "viewBox": [
          "0",
          "0",
          "512",
          "512"
        ],
        "width": 512,
        "height": 512,
        "path": "M256 340c-15.464 0-28 12.536-28 28s12.536 28 28 28 28-12.536 28-28-12.536-28-28-28zm7.67-24h-16c-6.627 0-12-5.373-12-12v-.381c0-70.343 77.44-63.619 77.44-107.408 0-20.016-17.761-40.211-57.44-40.211-29.144 0-44.265 9.649-59.211 28.692-3.908 4.98-11.054 5.995-16.248 2.376l-13.134-9.15c-5.625-3.919-6.86-11.771-2.645-17.177C185.658 133.514 210.842 116 255.67 116c52.32 0 97.44 29.751 97.44 80.211 0 67.414-77.44 63.849-77.44 107.408V304c0 6.627-5.373 12-12 12zM256 40c118.621 0 216 96.075 216 216 0 119.291-96.61 216-216 216-119.244 0-216-96.562-216-216 0-119.203 96.602-216 216-216m0-32C119.043 8 8 119.083 8 256c0 136.997 111.043 248 248 248s248-111.003 248-248C504 119.083 392.957 8 256 8z"
      }
    },
    "free": [
      "solid",
      "regular"
    ]
  },
  "search": {
    "changes": [
      "1",
      "5.0.0"
    ],
    "ligatures": [],
    "search": {
      "terms": [
        "bigger",
        "enlarge",
        "find",
        "magnify",
        "preview",
        "zoom"
      ]
    },
    "styles": [
      "light"
    ],
    "unicode": "f002",
    "label": "Search",
    "voted": false,
    "svg": {
      "light": {
        "last_modified": 1628277665000,
        "raw": "<svg xmlns=\"http://www.w3.org/2000/svg\" viewBox=\"0 0 512 512\"><path d=\"M508.5 481.6l-129-129c-2.3-2.3-5.3-3.5-8.5-3.5h-10.3C395 312 416 262.5 416 208 416 93.1 322.9 0 208 0S0 93.1 0 208s93.1 208 208 208c54.5 0 104-21 141.1-55.2V371c0 3.2 1.3 6.2 3.5 8.5l129 129c4.7 4.7 12.3 4.7 17 0l9.9-9.9c4.7-4.7 4.7-12.3 0-17zM208 384c-97.3 0-176-78.7-176-176S110.7 32 208 32s176 78.7 176 176-78.7 176-176 176z\"/></svg>",
        "viewBox": [
          "0",
          "0",
          "512",
          "512"
        ],
        "width": 512,
        "height": 512,
        "path": "M508.5 481.6l-129-129c-2.3-2.3-5.3-3.5-8.5-3.5h-10.3C395 312 416 262.5 416 208 416 93.1 322.9 0 208 0S0 93.1 0 208s93.1 208 208 208c54.5 0 104-21 141.1-55.2V371c0 3.2 1.3 6.2 3.5 8.5l129 129c4.7 4.7 12.3 4.7 17 0l9.9-9.9c4.7-4.7 4.7-12.3 0-17zM208 384c-97.3 0-176-78.7-176-176S110.7 32 208 32s176 78.7 176 176-78.7 176-176 176z"
      }
    },
    "free": [
      "solid"
    ]
  },
  "sign-in": {
    "changes": [
      "1",
      "5.0.0"
    ],
    "ligatures": [],
    "search": {
      "terms": [
        "arrow",
        "enter",
        "join",
        "log in",
        "login",
        "sign in",
        "sign up",
        "sign-in",
        "signin",
        "signup"
      ]
    },
    "styles": [
      "light"
    ],
    "unicode": "f090",
    "label": "Sign In",
    "voted": false,
    "svg": {
      "light": {
        "last_modified": 1628277665000,
        "raw": "<svg xmlns=\"http://www.w3.org/2000/svg\" viewBox=\"0 0 512 512\"><path d=\"M184 83.5l164.5 164c4.7 4.7 4.7 12.3 0 17L184 428.5c-4.7 4.7-12.3 4.7-17 0l-7.1-7.1c-4.7-4.7-4.7-12.3 0-17l132-131.4H12c-6.6 0-12-5.4-12-12v-10c0-6.6 5.4-12 12-12h279.9L160 107.6c-4.7-4.7-4.7-12.3 0-17l7.1-7.1c4.6-4.7 12.2-4.7 16.9 0zM512 400V112c0-26.5-21.5-48-48-48H332c-6.6 0-12 5.4-12 12v8c0 6.6 5.4 12 12 12h132c8.8 0 16 7.2 16 16v288c0 8.8-7.2 16-16 16H332c-6.6 0-12 5.4-12 12v8c0 6.6 5.4 12 12 12h132c26.5 0 48-21.5 48-48z\"/></svg>",
        "viewBox": [
          "0",
          "0",
          "512",
          "512"
        ],
        "width": 512,
        "height": 512,
        "path": "M184 83.5l164.5 164c4.7 4.7 4.7 12.3 0 17L184 428.5c-4.7 4.7-12.3 4.7-17 0l-7.1-7.1c-4.7-4.7-4.7-12.3 0-17l132-131.4H12c-6.6 0-12-5.4-12-12v-10c0-6.6 5.4-12 12-12h279.9L160 107.6c-4.7-4.7-4.7-12.3 0-17l7.1-7.1c4.6-4.7 12.2-4.7 16.9 0zM512 400V112c0-26.5-21.5-48-48-48H332c-6.6 0-12 5.4-12 12v8c0 6.6 5.4 12 12 12h132c8.8 0 16 7.2 16 16v288c0 8.8-7.2 16-16 16H332c-6.6 0-12 5.4-12 12v8c0 6.6 5.4 12 12 12h132c26.5 0 48-21.5 48-48z"
      }
    },
    "free": []
  },
  "sink": {
    "changes": [
      "5.13.0",
      "5.13.1",
      "5.14.0"
    ],
    "ligatures": [],
    "search": {
      "terms": [
        "bathroom",
        "covid-19",
        "faucet",
        "kitchen",
        "wash"
      ]
    },
    "styles": [
      "light"
    ],
    "unicode": "e06d",
    "label": "Sink",
    "voted": false,
    "svg": {
      "light": {
        "last_modified": 1628277665000,
        "raw": "<svg xmlns=\"http://www.w3.org/2000/svg\" viewBox=\"0 0 512 512\"><path d=\"M504,288H416V256h56a8,8,0,0,0,8-8V232a8,8,0,0,0-8-8H400a16,16,0,0,0-16,16v48H304V112a16,16,0,0,1,32,0v16a32,32,0,0,0,32,32h32a32,32,0,0,0,32-32V114.26c0-20.8-4.79-41.61-15.56-59.4A112.58,112.58,0,0,0,297.81,2.12C245.77,12.23,208,60,208,115.77V288H128V240a16,16,0,0,0-16-16H40a8,8,0,0,0-8,8v16a8,8,0,0,0,8,8H96v32H8a8,8,0,0,0-8,8v16a8,8,0,0,0,8,8H32v96a96,96,0,0,0,96,96H384a96,96,0,0,0,96-96V320h24a8,8,0,0,0,8-8V296A8,8,0,0,0,504,288ZM240,115.77c0-40.45,26.88-75,63.91-82.24A80.17,80.17,0,0,1,400,112v16H368V112a48,48,0,0,0-96,0V288H240ZM448,416a64.07,64.07,0,0,1-64,64H128a64.07,64.07,0,0,1-64-64V320H448Z\"/></svg>",
        "viewBox": [
          "0",
          "0",
          "512",
          "512"
        ],
        "width": 512,
        "height": 512,
        "path": "M504,288H416V256h56a8,8,0,0,0,8-8V232a8,8,0,0,0-8-8H400a16,16,0,0,0-16,16v48H304V112a16,16,0,0,1,32,0v16a32,32,0,0,0,32,32h32a32,32,0,0,0,32-32V114.26c0-20.8-4.79-41.61-15.56-59.4A112.58,112.58,0,0,0,297.81,2.12C245.77,12.23,208,60,208,115.77V288H128V240a16,16,0,0,0-16-16H40a8,8,0,0,0-8,8v16a8,8,0,0,0,8,8H96v32H8a8,8,0,0,0-8,8v16a8,8,0,0,0,8,8H32v96a96,96,0,0,0,96,96H384a96,96,0,0,0,96-96V320h24a8,8,0,0,0,8-8V296A8,8,0,0,0,504,288ZM240,115.77c0-40.45,26.88-75,63.91-82.24A80.17,80.17,0,0,1,400,112v16H368V112a48,48,0,0,0-96,0V288H240ZM448,416a64.07,64.07,0,0,1-64,64H128a64.07,64.07,0,0,1-64-64V320H448Z"
      }
    },
    "free": [
      "solid"
    ]
  },
  "tachometer-alt-fast": {
    "changes": [
      "5.2.0"
    ],
    "ligatures": [],
    "search": {
      "terms": [
        "dashboard",
        "fast",
        "odometer",
        "speed",
        "speedometer"
      ]
    },
    "styles": [
      "light"
    ],
    "unicode": "f625",
    "label": "Alternate Tachometer Fast",
    "voted": false,
    "svg": {
      "light": {
        "last_modified": 1628277665000,
        "raw": "<svg xmlns=\"http://www.w3.org/2000/svg\" viewBox=\"0 0 576 512\"><path d=\"M120 320c0 13.26-10.74 24-24 24s-24-10.74-24-24 10.74-24 24-24 24 10.74 24 24zm168-168c13.26 0 24-10.74 24-24s-10.74-24-24-24-24 10.74-24 24 10.74 24 24 24zm-136 8c-13.26 0-24 10.74-24 24s10.74 24 24 24 24-10.74 24-24-10.74-24-24-24zm282.06 11.56c6.88 5.56 7.94 15.64 2.38 22.5l-97.14 120C347.18 324.7 352 337.74 352 352c0 35.35-28.65 64-64 64s-64-28.65-64-64 28.65-64 64-64c9.47 0 18.38 2.18 26.47 5.88l97.09-119.94c5.56-6.88 15.6-7.92 22.5-2.38zM320 352c0-17.67-14.33-32-32-32s-32 14.33-32 32 14.33 32 32 32 32-14.33 32-32zm160-56c-13.26 0-24 10.74-24 24s10.74 24 24 24 24-10.74 24-24-10.74-24-24-24zm96 24c0 52.8-14.25 102.26-39.06 144.8-5.61 9.62-16.3 15.2-27.44 15.2h-443c-11.14 0-21.83-5.58-27.44-15.2C14.25 422.26 0 372.8 0 320 0 160.94 128.94 32 288 32s288 128.94 288 288zm-32 0c0-141.16-114.84-256-256-256S32 178.84 32 320c0 45.26 12 89.75 34.7 128.68l442.8-.68C532 409.75 544 365.26 544 320z\"/></svg>",
        "viewBox": [
          "0",
          "0",
          "576",
          "512"
        ],
        "width": 576,
        "height": 512,
        "path": "M120 320c0 13.26-10.74 24-24 24s-24-10.74-24-24 10.74-24 24-24 24 10.74 24 24zm168-168c13.26 0 24-10.74 24-24s-10.74-24-24-24-24 10.74-24 24 10.74 24 24 24zm-136 8c-13.26 0-24 10.74-24 24s10.74 24 24 24 24-10.74 24-24-10.74-24-24-24zm282.06 11.56c6.88 5.56 7.94 15.64 2.38 22.5l-97.14 120C347.18 324.7 352 337.74 352 352c0 35.35-28.65 64-64 64s-64-28.65-64-64 28.65-64 64-64c9.47 0 18.38 2.18 26.47 5.88l97.09-119.94c5.56-6.88 15.6-7.92 22.5-2.38zM320 352c0-17.67-14.33-32-32-32s-32 14.33-32 32 14.33 32 32 32 32-14.33 32-32zm160-56c-13.26 0-24 10.74-24 24s10.74 24 24 24 24-10.74 24-24-10.74-24-24-24zm96 24c0 52.8-14.25 102.26-39.06 144.8-5.61 9.62-16.3 15.2-27.44 15.2h-443c-11.14 0-21.83-5.58-27.44-15.2C14.25 422.26 0 372.8 0 320 0 160.94 128.94 32 288 32s288 128.94 288 288zm-32 0c0-141.16-114.84-256-256-256S32 178.84 32 320c0 45.26 12 89.75 34.7 128.68l442.8-.68C532 409.75 544 365.26 544 320z"
      }
    },
    "free": []
  },
  "times": {
    "changes": [
      "1",
      "5.0.0",
      "5.0.13",
      "5.11.0",
      "5.11.1"
    ],
    "ligatures": [],
    "search": {
      "terms": [
        "close",
        "cross",
        "error",
        "exit",
        "incorrect",
        "notice",
        "notification",
        "notify",
        "problem",
        "wrong",
        "x"
      ]
    },
    "styles": [
      "light"
    ],
    "unicode": "f00d",
    "label": "Times",
    "voted": false,
    "svg": {
      "light": {
        "last_modified": 1628277665000,
        "raw": "<svg xmlns=\"http://www.w3.org/2000/svg\" viewBox=\"0 0 320 512\"><path d=\"M193.94 256L296.5 153.44l21.15-21.15c3.12-3.12 3.12-8.19 0-11.31l-22.63-22.63c-3.12-3.12-8.19-3.12-11.31 0L160 222.06 36.29 98.34c-3.12-3.12-8.19-3.12-11.31 0L2.34 120.97c-3.12 3.12-3.12 8.19 0 11.31L126.06 256 2.34 379.71c-3.12 3.12-3.12 8.19 0 11.31l22.63 22.63c3.12 3.12 8.19 3.12 11.31 0L160 289.94 262.56 392.5l21.15 21.15c3.12 3.12 8.19 3.12 11.31 0l22.63-22.63c3.12-3.12 3.12-8.19 0-11.31L193.94 256z\"/></svg>",
        "viewBox": [
          "0",
          "0",
          "320",
          "512"
        ],
        "width": 320,
        "height": 512,
        "path": "M193.94 256L296.5 153.44l21.15-21.15c3.12-3.12 3.12-8.19 0-11.31l-22.63-22.63c-3.12-3.12-8.19-3.12-11.31 0L160 222.06 36.29 98.34c-3.12-3.12-8.19-3.12-11.31 0L2.34 120.97c-3.12 3.12-3.12 8.19 0 11.31L126.06 256 2.34 379.71c-3.12 3.12-3.12 8.19 0 11.31l22.63 22.63c3.12 3.12 8.19 3.12 11.31 0L160 289.94 262.56 392.5l21.15 21.15c3.12 3.12 8.19 3.12 11.31 0l22.63-22.63c3.12-3.12 3.12-8.19 0-11.31L193.94 256z"
      }
    },
    "free": [
      "solid"
    ]
  },
  "times-square": {
    "changes": [
      "4.7",
      "5.0.0"
    ],
    "ligatures": [],
    "search": {
      "terms": [
        "close",
        "cross",
        "incorrect",
        "notice",
        "notification",
        "notify",
        "problem",
        "window",
        "wrong"
      ]
    },
    "styles": [
      "light"
    ],
    "unicode": "f2d3",
    "label": "Times Square",
    "voted": false,
    "svg": {
      "light": {
        "last_modified": 1628277665000,
        "raw": "<svg xmlns=\"http://www.w3.org/2000/svg\" viewBox=\"0 0 448 512\"><path d=\"M400 32H48C21.5 32 0 53.5 0 80v352c0 26.5 21.5 48 48 48h352c26.5 0 48-21.5 48-48V80c0-26.5-21.5-48-48-48zm16 400c0 8.8-7.2 16-16 16H48c-8.8 0-16-7.2-16-16V80c0-8.8 7.2-16 16-16h352c8.8 0 16 7.2 16 16v352zm-97.2-245.3L249.5 256l69.3 69.3c4.7 4.7 4.7 12.3 0 17l-8.5 8.5c-4.7 4.7-12.3 4.7-17 0L224 281.5l-69.3 69.3c-4.7 4.7-12.3 4.7-17 0l-8.5-8.5c-4.7-4.7-4.7-12.3 0-17l69.3-69.3-69.3-69.3c-4.7-4.7-4.7-12.3 0-17l8.5-8.5c4.7-4.7 12.3-4.7 17 0l69.3 69.3 69.3-69.3c4.7-4.7 12.3-4.7 17 0l8.5 8.5c4.6 4.7 4.6 12.3 0 17z\"/></svg>",
        "viewBox": [
          "0",
          "0",
          "448",
          "512"
        ],
        "width": 448,
        "height": 512,
        "path": "M400 32H48C21.5 32 0 53.5 0 80v352c0 26.5 21.5 48 48 48h352c26.5 0 48-21.5 48-48V80c0-26.5-21.5-48-48-48zm16 400c0 8.8-7.2 16-16 16H48c-8.8 0-16-7.2-16-16V80c0-8.8 7.2-16 16-16h352c8.8 0 16 7.2 16 16v352zm-97.2-245.3L249.5 256l69.3 69.3c4.7 4.7 4.7 12.3 0 17l-8.5 8.5c-4.7 4.7-12.3 4.7-17 0L224 281.5l-69.3 69.3c-4.7 4.7-12.3 4.7-17 0l-8.5-8.5c-4.7-4.7-4.7-12.3 0-17l69.3-69.3-69.3-69.3c-4.7-4.7-4.7-12.3 0-17l8.5-8.5c4.7-4.7 12.3-4.7 17 0l69.3 69.3 69.3-69.3c4.7-4.7 12.3-4.7 17 0l8.5 8.5c4.6 4.7 4.6 12.3 0 17z"
      }
    },
    "free": []
  },
  "user": {
    "changes": [
      "1",
      "5.0.0",
      "5.0.3",
      "5.0.11"
    ],
    "ligatures": [],
    "search": {
      "terms": [
        "account",
        "avatar",
        "head",
        "human",
        "man",
        "person",
        "profile"
      ]
    },
    "styles": [
      "light"
    ],
    "unicode": "f007",
    "label": "User",
    "voted": false,
    "svg": {
      "light": {
        "last_modified": 1628277665000,
        "raw": "<svg xmlns=\"http://www.w3.org/2000/svg\" viewBox=\"0 0 448 512\"><path d=\"M313.6 288c-28.7 0-42.5 16-89.6 16-47.1 0-60.8-16-89.6-16C60.2 288 0 348.2 0 422.4V464c0 26.5 21.5 48 48 48h352c26.5 0 48-21.5 48-48v-41.6c0-74.2-60.2-134.4-134.4-134.4zM416 464c0 8.8-7.2 16-16 16H48c-8.8 0-16-7.2-16-16v-41.6C32 365.9 77.9 320 134.4 320c19.6 0 39.1 16 89.6 16 50.4 0 70-16 89.6-16 56.5 0 102.4 45.9 102.4 102.4V464zM224 256c70.7 0 128-57.3 128-128S294.7 0 224 0 96 57.3 96 128s57.3 128 128 128zm0-224c52.9 0 96 43.1 96 96s-43.1 96-96 96-96-43.1-96-96 43.1-96 96-96z\"/></svg>",
        "viewBox": [
          "0",
          "0",
          "448",
          "512"
        ],
        "width": 448,
        "height": 512,
        "path": "M313.6 288c-28.7 0-42.5 16-89.6 16-47.1 0-60.8-16-89.6-16C60.2 288 0 348.2 0 422.4V464c0 26.5 21.5 48 48 48h352c26.5 0 48-21.5 48-48v-41.6c0-74.2-60.2-134.4-134.4-134.4zM416 464c0 8.8-7.2 16-16 16H48c-8.8 0-16-7.2-16-16v-41.6C32 365.9 77.9 320 134.4 320c19.6 0 39.1 16 89.6 16 50.4 0 70-16 89.6-16 56.5 0 102.4 45.9 102.4 102.4V464zM224 256c70.7 0 128-57.3 128-128S294.7 0 224 0 96 57.3 96 128s57.3 128 128 128zm0-224c52.9 0 96 43.1 96 96s-43.1 96-96 96-96-43.1-96-96 43.1-96 96-96z"
      }
    },
    "free": [
      "solid",
      "regular"
    ]
  },
  "user-headset": {
    "changes": [
      "5.7.0"
    ],
    "ligatures": [],
    "search": {
      "terms": [
        "gaming",
        "headphones",
        "help",
        "person",
        "support",
        "telemarketer",
        "telemarketing"
      ]
    },
    "styles": [
      "light"
    ],
    "unicode": "f82d",
    "label": "User Headset",
    "voted": true,
    "svg": {
      "light": {
        "last_modified": 1628277665000,
        "raw": "<svg xmlns=\"http://www.w3.org/2000/svg\" viewBox=\"0 0 448 512\"><path d=\"M320 352h-4.7c-12.16 0-24 2.9-35.5 6.8a173.76 173.76 0 0 1-111.64 0c-11.48-3.9-23.29-6.78-35.42-6.78H128A128 128 0 0 0 0 480a32 32 0 0 0 32 32h384a32 32 0 0 0 32-32 128 128 0 0 0-128-128zM32 480a96.1 96.1 0 0 1 96-96h4.74c6.92 0 14.92 1.62 25.16 5.09a205.75 205.75 0 0 0 132.16 0c10.31-3.49 18.33-5.11 25.24-5.11h4.7a96.1 96.1 0 0 1 96 96zm16-256a16 16 0 0 0 16-16v-16c0-88.22 71.78-160 160-160s160 71.78 160 160v16a80.09 80.09 0 0 1-80 80h-32a32 32 0 0 0-32-32h-32a32 32 0 0 0 0 64h96a112.14 112.14 0 0 0 112-112v-16C416 86.12 329.88 0 224 0S32 86.12 32 192v16a16 16 0 0 0 16 16zM224 96a95.57 95.57 0 0 1 71.23 159.76c0 .09.13.15.18.24H304a47.89 47.89 0 0 0 40.55-22.58C349 220.36 352 206.58 352 192a128 128 0 0 0-256 0c0 40.42 19.1 76 48.35 99.47-.06-1.17-.35-2.28-.35-3.47a63.25 63.25 0 0 1 8.93-32A95.58 95.58 0 0 1 224 96z\"/></svg>",
        "viewBox": [
          "0",
          "0",
          "448",
          "512"
        ],
        "width": 448,
        "height": 512,
        "path": "M320 352h-4.7c-12.16 0-24 2.9-35.5 6.8a173.76 173.76 0 0 1-111.64 0c-11.48-3.9-23.29-6.78-35.42-6.78H128A128 128 0 0 0 0 480a32 32 0 0 0 32 32h384a32 32 0 0 0 32-32 128 128 0 0 0-128-128zM32 480a96.1 96.1 0 0 1 96-96h4.74c6.92 0 14.92 1.62 25.16 5.09a205.75 205.75 0 0 0 132.16 0c10.31-3.49 18.33-5.11 25.24-5.11h4.7a96.1 96.1 0 0 1 96 96zm16-256a16 16 0 0 0 16-16v-16c0-88.22 71.78-160 160-160s160 71.78 160 160v16a80.09 80.09 0 0 1-80 80h-32a32 32 0 0 0-32-32h-32a32 32 0 0 0 0 64h96a112.14 112.14 0 0 0 112-112v-16C416 86.12 329.88 0 224 0S32 86.12 32 192v16a16 16 0 0 0 16 16zM224 96a95.57 95.57 0 0 1 71.23 159.76c0 .09.13.15.18.24H304a47.89 47.89 0 0 0 40.55-22.58C349 220.36 352 206.58 352 192a128 128 0 0 0-256 0c0 40.42 19.1 76 48.35 99.47-.06-1.17-.35-2.28-.35-3.47a63.25 63.25 0 0 1 8.93-32A95.58 95.58 0 0 1 224 96z"
      }
    },
    "free": []
  }
}